first_name,last_name,id,email,gender,ip_address,color
Lauraine,Degan,1,ldegan0@redcross.org,Genderfluid,215.238.99.221,Maroon
Hastie,Manifould,2,hmanifould1@prweb.com,Agender,169.151.191.196,Fuscia
Jedediah,Fortnon,3,jfortnon2@abc.net.au,Male,155.184.194.104,Red
Viki,Crockley,4,vcrockley3@arstechnica.com,Male,107.69.12.21,Blue
Orrin,Lown,5,olown4@themeforest.net,Non-binary,57.189.142.216,Maroon
Francyne,Leadbeater,6,fleadbeater5@ihg.com,Non-binary,180.165.241.192,Puce
Shirl,Nansom,7,snansom6@ft.com,Female,93.48.105.161,Teal
Myer,Mazzeo,8,mmazzeo7@google.fr,Genderfluid,204.209.81.155,Maroon
Allistir,Hovenden,9,ahovenden8@homestead.com,Polygender,57.183.67.161,Teal
Judi,Kildale,10,jkildale9@reuters.com,Male,195.63.176.88,Fuscia
Una,Gates,11,ugatesa@virginia.edu,Agender,197.57.50.137,Violet
Haleigh,Dansie,12,hdansieb@ask.com,Non-binary,171.18.88.43,Purple
Giuseppe,Jewer,13,gjewerc@ifeng.com,Genderqueer,90.171.64.30,Teal
Royal,Fretson,14,rfretsond@homestead.com,Non-binary,106.179.225.143,Green
Pepillo,Pitkaithly,15,ppitkaithlye@amazon.de,Genderfluid,65.57.234.127,Crimson
Heidi,Culvey,16,hculveyf@yandex.ru,Bigender,129.184.225.254,Aquamarine
Tamas,Barkaway,17,tbarkawayg@google.com.br,Genderfluid,89.179.248.150,Teal
Sibyl,Ketcher,18,sketcherh@mlb.com,Genderfluid,152.133.146.220,Violet
Malachi,Raison,19,mraisoni@woothemes.com,Bigender,132.81.224.10,Mauv
Flori,Banasevich,20,fbanasevichj@cornell.edu,Agender,168.80.153.142,Turquoise
Heddie,Frisel,21,hfriselk@reference.com,Agender,2.195.73.89,Purple
Arlena,Headings,22,aheadingsl@noaa.gov,Agender,73.233.242.190,Mauv
Pennie,Boucher,23,pboucherm@elegantthemes.com,Male,197.243.16.253,Teal
Lynnelle,Cremins,24,lcreminsn@huffingtonpost.com,Genderfluid,231.116.84.208,Puce
Joline,Glazier,25,jglaziero@chicagotribune.com,Male,215.197.9.169,Yellow
Teresita,Ramshaw,26,tramshawp@scientificamerican.com,Female,93.67.89.216,Crimson
Jeniece,Merrington,27,jmerringtonq@acquirethisname.com,Bigender,176.50.13.252,Indigo
Rowe,Kuscha,28,rkuschar@creativecommons.org,Male,211.58.221.121,Orange
Rog,Torrecilla,29,rtorrecillas@abc.net.au,Bigender,237.46.155.196,Yellow
Fee,Stranger,30,fstrangert@msu.edu,Female,124.181.10.30,Khaki
Brittany,Roadknight,31,broadknightu@csmonitor.com,Agender,36.125.81.212,Yellow
Christian,Fairbourne,32,cfairbournev@paypal.com,Agender,25.82.172.21,Indigo
Clementia,Seegar,33,cseegarw@blinklist.com,Female,31.193.150.163,Violet
Missie,Cox,34,mcoxx@webs.com,Bigender,220.180.211.112,Aquamarine
Dorian,Askaw,35,daskawy@adobe.com,Genderqueer,44.56.112.74,Maroon
Rad,Vinden,36,rvindenz@bing.com,Polygender,230.174.97.87,Violet
Merrile,Ringsell,37,mringsell10@jigsy.com,Male,181.193.164.0,Orange
Cy,Reading,38,creading11@dell.com,Polygender,6.237.215.82,Fuscia
Papagena,Basill,39,pbasill12@statcounter.com,Male,16.37.215.201,Mauv
Warren,Rosenberger,40,wrosenberger13@examiner.com,Genderqueer,76.50.196.33,Turquoise
Irina,Thackwray,41,ithackwray14@amazon.co.uk,Agender,169.43.68.218,Goldenrod
Rriocard,Christoffels,42,rchristoffels15@toplist.cz,Genderqueer,192.31.207.190,Goldenrod
Daphene,Marvell,43,dmarvell16@zdnet.com,Agender,142.66.111.71,Khaki
Hershel,Boorne,44,hboorne17@businesswire.com,Agender,198.130.165.149,Teal
Sonni,Fanstone,45,sfanstone18@cafepress.com,Genderqueer,224.209.27.32,Pink
Berkley,Molesworth,46,bmolesworth19@last.fm,Bigender,3.6.185.117,Mauv
Irwin,Abdey,47,iabdey1a@histats.com,Genderfluid,250.59.138.245,Crimson
Dino,Coster,48,dcoster1b@storify.com,Genderqueer,184.111.150.16,Goldenrod
Toby,Lempke,49,tlempke1c@cornell.edu,Bigender,134.70.238.72,Indigo
Delmar,Alvin,50,dalvin1d@slashdot.org,Agender,169.200.25.206,Mauv
Deina,Kittoe,51,dkittoe1e@google.co.uk,Female,106.243.203.14,Crimson
Caddric,Bravey,52,cbravey1f@opensource.org,Bigender,223.109.175.7,Maroon
Dana,Naisby,53,dnaisby1g@taobao.com,Female,203.162.110.50,Goldenrod
Tobe,Nolot,54,tnolot1h@cbslocal.com,Agender,194.231.92.48,Aquamarine
Juieta,Tremayne,55,jtremayne1i@163.com,Bigender,140.120.246.222,Fuscia
Kass,Gave,56,kgave1j@sun.com,Bigender,25.229.234.107,Fuscia
Daron,Wodham,57,dwodham1k@last.fm,Genderfluid,219.203.209.234,Blue
Kendal,Stretton,58,kstretton1l@naver.com,Bigender,136.66.31.69,Khaki
Holly-anne,Pendred,59,hpendred1m@constantcontact.com,Genderfluid,56.42.145.87,Aquamarine
Pierre,Laister,60,plaister1n@e-recht24.de,Male,62.221.83.113,Mauv
Robby,Courtliff,61,rcourtliff1o@economist.com,Genderfluid,45.100.242.236,Red
Cati,Headington,62,cheadington1p@cornell.edu,Female,238.39.142.250,Blue
Agnes,Pinck,63,apinck1q@google.es,Female,238.14.20.132,Orange
Berri,Dormand,64,bdormand1r@networkadvertising.org,Male,71.218.101.224,Indigo
Madeline,Ley,65,mley1s@123-reg.co.uk,Bigender,215.182.135.195,Violet
Boothe,Kleehuhler,66,bkleehuhler1t@merriam-webster.com,Polygender,96.156.166.24,Fuscia
Giovanna,Shillabeer,67,gshillabeer1u@livejournal.com,Agender,245.18.106.120,Mauv
Warren,Hurdman,68,whurdman1v@uol.com.br,Genderfluid,22.62.245.238,Yellow
Linda,Sarjant,69,lsarjant1w@fc2.com,Agender,49.53.65.85,Blue
Sean,Macconaghy,70,smacconaghy1x@sciencedaily.com,Genderfluid,107.150.155.82,Indigo
Moise,Risson,71,mrisson1y@nature.com,Female,210.111.255.78,Orange
Winnie,Nerheny,72,wnerheny1z@webs.com,Agender,227.72.114.63,Orange
Cyb,Hindrick,73,chindrick20@umn.edu,Female,99.105.62.85,Fuscia
Talbot,Gainfort,74,tgainfort21@huffingtonpost.com,Non-binary,57.246.112.115,Maroon
Cheston,Edscer,75,cedscer22@springer.com,Bigender,130.91.25.238,Red
Hedda,Rushman,76,hrushman23@icio.us,Polygender,51.225.43.78,Blue
Fair,Maharry,77,fmaharry24@paginegialle.it,Genderfluid,187.140.122.186,Purple
Kira,Eagle,78,keagle25@miibeian.gov.cn,Polygender,80.14.252.192,Green
Justinian,Georgievski,79,jgeorgievski26@scientificamerican.com,Female,60.191.219.99,Red
Marysa,Fearon,80,mfearon27@github.com,Polygender,131.116.70.79,Puce
Leigh,Jack,81,ljack28@sourceforge.net,Genderfluid,94.59.237.239,Violet
Bamby,Feak,82,bfeak29@smh.com.au,Polygender,211.124.10.239,Turquoise
Jewel,Autry,83,jautry2a@google.es,Bigender,178.120.84.104,Aquamarine
Alison,Chiplen,84,achiplen2b@goo.ne.jp,Female,54.5.96.136,Red
Sumner,Cottie,85,scottie2c@hexun.com,Genderqueer,53.66.1.12,Red
Lavinia,Kuhndel,86,lkuhndel2d@si.edu,Genderqueer,125.82.112.79,Purple
Neville,Mayhew,87,nmayhew2e@usatoday.com,Male,129.234.189.96,Green
Ayn,Belden,88,abelden2f@yelp.com,Bigender,225.235.165.49,Teal
Vincent,Padrick,89,vpadrick2g@bing.com,Male,121.125.241.99,Puce
Bernelle,Dendon,90,bdendon2h@apache.org,Agender,178.171.220.50,Khaki
Fonz,McFater,91,fmcfater2i@google.com.au,Male,83.84.17.180,Turquoise
Beatrix,Salvin,92,bsalvin2j@home.pl,Genderqueer,254.39.114.45,Purple
Calv,Rookesby,93,crookesby2k@aol.com,Genderqueer,253.39.85.174,Red
Annabelle,Tellett,94,atellett2l@free.fr,Genderfluid,246.207.147.193,Blue
Sigismund,Greschik,95,sgreschik2m@networkadvertising.org,Genderfluid,80.36.31.156,Goldenrod
Virgil,Divis,96,vdivis2n@shinystat.com,Agender,214.225.153.162,Maroon
Stuart,Sprasen,97,ssprasen2o@ifeng.com,Bigender,141.69.133.177,Mauv
Gus,Lorey,98,glorey2p@google.it,Female,90.240.255.131,Yellow
Coleen,Brambill,99,cbrambill2q@altervista.org,Agender,63.44.171.16,Indigo
Meredith,Lippett,100,mlippett2r@smh.com.au,Female,168.171.183.173,Crimson
Leela,Stuchberry,101,lstuchberry2s@example.com,Genderqueer,168.148.136.123,Crimson
Dorothee,Guittet,102,dguittet2t@newyorker.com,Polygender,165.231.114.79,Khaki
Amberly,Covotto,103,acovotto2u@rambler.ru,Genderqueer,120.183.56.85,Red
Jillian,Olenichev,104,jolenichev2v@pinterest.com,Genderfluid,225.213.70.208,Khaki
Ollie,Laux,105,olaux2w@twitter.com,Agender,247.125.72.100,Teal
Margaret,Fitzsymonds,106,mfitzsymonds2x@moonfruit.com,Non-binary,56.232.210.194,Crimson
Olivero,Bichener,107,obichener2y@wikipedia.org,Genderfluid,20.83.63.225,Turquoise
Ryon,Headly,108,rheadly2z@xrea.com,Male,114.170.28.195,Yellow
Holmes,MacNeish,109,hmacneish30@fc2.com,Genderfluid,232.154.44.70,Teal
Worth,Napper,110,wnapper31@amazon.com,Genderqueer,230.118.70.80,Violet
Vidovic,Conaghy,111,vconaghy32@rambler.ru,Female,72.102.52.207,Puce
Archibald,Pipping,112,apipping33@fc2.com,Non-binary,197.165.156.41,Yellow
Ransom,Gaines,113,rgaines34@bing.com,Male,222.58.4.38,Teal
Elga,Rolingson,114,erolingson35@nps.gov,Male,122.95.46.117,Maroon
Mart,Burgisi,115,mburgisi36@posterous.com,Bigender,28.231.9.123,Goldenrod
Gibby,Gowdie,116,ggowdie37@paginegialle.it,Polygender,230.157.188.132,Blue
Laverne,Dahmel,117,ldahmel38@chron.com,Non-binary,217.230.27.44,Aquamarine
Taddeusz,Synan,118,tsynan39@issuu.com,Male,225.105.184.100,Maroon
Dominique,Yonge,119,dyonge3a@hhs.gov,Male,180.74.134.155,Yellow
Lida,Hankins,120,lhankins3b@devhub.com,Male,236.90.167.121,Fuscia
Randolph,Marshall,121,rmarshall3c@wikia.com,Male,135.15.70.107,Goldenrod
Sondra,Bortoluzzi,122,sbortoluzzi3d@technorati.com,Female,98.92.143.251,Teal
Kinny,George,123,kgeorge3e@sourceforge.net,Male,158.247.43.199,Puce
Micaela,Bickmore,124,mbickmore3f@theglobeandmail.com,Genderfluid,118.59.230.199,Pink
Huberto,Buckner,125,hbuckner3g@fema.gov,Agender,91.254.17.204,Indigo
Ondrea,O'Meara,126,oomeara3h@fotki.com,Genderfluid,174.183.113.195,Maroon
Sonnnie,Bickley,127,sbickley3i@intel.com,Non-binary,124.82.54.149,Purple
Myrah,Gheorghie,128,mgheorghie3j@mozilla.org,Non-binary,214.133.220.176,Maroon
Cross,Yukhnini,129,cyukhnini3k@msu.edu,Non-binary,120.190.156.123,Maroon
Teador,Whittlesey,130,twhittlesey3l@princeton.edu,Agender,73.237.202.253,Indigo
Reagan,Beilby,131,rbeilby3m@nbcnews.com,Female,207.3.138.198,Orange
Ripley,Escoffrey,132,rescoffrey3n@youtu.be,Agender,199.113.7.82,Goldenrod
Alistair,Jerratsch,133,ajerratsch3o@state.tx.us,Bigender,84.36.248.142,Mauv
Natasha,Millthorpe,134,nmillthorpe3p@wikispaces.com,Male,218.44.238.82,Yellow
Ronica,Nurcombe,135,rnurcombe3q@imgur.com,Female,88.42.173.144,Purple
Alfonse,Maddrell,136,amaddrell3r@google.com.au,Polygender,65.186.191.187,Orange
Regan,Hynde,137,rhynde3s@acquirethisname.com,Genderqueer,112.11.74.79,Green
Fawn,Joynson,138,fjoynson3t@house.gov,Genderqueer,142.163.139.198,Teal
Wallace,Wann,139,wwann3u@feedburner.com,Bigender,104.249.10.235,Blue
Maryjo,Bountiff,140,mbountiff3v@china.com.cn,Female,105.34.28.10,Khaki
Donny,Davidde,141,ddavidde3w@t.co,Genderqueer,245.199.211.11,Crimson
Merle,Kellough,142,mkellough3x@pbs.org,Genderfluid,135.156.59.231,Crimson
Lizabeth,Tunsley,143,ltunsley3y@skype.com,Genderfluid,253.242.161.144,Goldenrod
Barr,Caitlin,144,bcaitlin3z@wired.com,Polygender,125.216.129.141,Mauv
Annabella,Tapp,145,atapp40@timesonline.co.uk,Bigender,183.238.109.121,Violet
Kathie,Bland,146,kbland41@ask.com,Agender,183.166.167.116,Fuscia
Ganny,Caulder,147,gcaulder42@parallels.com,Bigender,134.220.99.179,Turquoise
Doro,Hamper,148,dhamper43@infoseek.co.jp,Genderqueer,227.230.167.88,Fuscia
Leopold,Petrenko,149,lpetrenko44@addthis.com,Bigender,71.116.108.153,Crimson
Kristos,Jozsa,150,kjozsa45@cam.ac.uk,Polygender,232.239.230.142,Red
Octavius,Drew,151,odrew46@cnbc.com,Non-binary,226.129.184.180,Khaki
Zarah,Bettenay,152,zbettenay47@cyberchimps.com,Non-binary,92.227.155.241,Khaki
Evyn,McCamish,153,emccamish48@wordpress.com,Agender,144.119.3.28,Pink
Katey,Studart,154,kstudart49@stumbleupon.com,Agender,164.124.165.101,Indigo
Page,Littlefair,155,plittlefair4a@dailymail.co.uk,Male,192.136.245.251,Indigo
Laurena,Setchell,156,lsetchell4b@youtube.com,Polygender,80.10.20.220,Puce
Cele,McDool,157,cmcdool4c@over-blog.com,Genderfluid,23.151.185.252,Fuscia
Antonino,Stefi,158,astefi4d@paginegialle.it,Male,83.214.154.79,Fuscia
Kellina,Pollock,159,kpollock4e@istockphoto.com,Genderqueer,211.192.20.8,Purple
Glenn,Winger,160,gwinger4f@wix.com,Female,150.37.68.171,Orange
Pammi,Stripp,161,pstripp4g@ucoz.com,Genderqueer,172.226.115.49,Red
Penn,Kordas,162,pkordas4h@usatoday.com,Male,157.253.172.208,Blue
Sherilyn,Bernardt,163,sbernardt4i@hubpages.com,Female,188.80.174.17,Turquoise
Klaus,Wistance,164,kwistance4j@indiegogo.com,Male,174.111.101.99,Maroon
Humphrey,Sprott,165,hsprott4k@patch.com,Female,27.242.251.52,Blue
Elva,von Grollmann,166,evongrollmann4l@dailymotion.com,Genderfluid,207.214.225.2,Green
Arthur,Vern,167,avern4m@sciencedirect.com,Agender,168.31.90.63,Fuscia
Rourke,Ottawell,168,rottawell4n@virginia.edu,Genderfluid,59.176.116.98,Mauv
Lesya,Howcroft,169,lhowcroft4o@ow.ly,Bigender,204.224.94.5,Pink
Justis,Bourne,170,jbourne4p@naver.com,Agender,233.123.210.125,Fuscia
Alejandro,Biers,171,abiers4q@omniture.com,Polygender,218.150.85.173,Purple
Andrej,Avrahamy,172,aavrahamy4r@edublogs.org,Polygender,43.96.30.40,Fuscia
Carina,Gammett,173,cgammett4s@delicious.com,Genderfluid,8.211.38.221,Purple
Brett,Grovier,174,bgrovier4t@cargocollective.com,Bigender,17.190.254.225,Red
Joly,Montacute,175,jmontacute4u@dmoz.org,Genderfluid,159.179.32.159,Purple
Timofei,Muir,176,tmuir4v@usatoday.com,Bigender,152.124.154.185,Purple
August,Yanuk,177,ayanuk4w@hp.com,Male,84.105.250.20,Pink
Ibby,Torritti,178,itorritti4x@china.com.cn,Polygender,66.98.92.255,Turquoise
Rees,Dyer,179,rdyer4y@merriam-webster.com,Polygender,132.77.171.158,Puce
Clemens,Beaconsall,180,cbeaconsall4z@discuz.net,Genderfluid,187.87.152.148,Puce
Matthaeus,Linwood,181,mlinwood50@google.cn,Agender,50.5.217.61,Green
Grissel,Langthorne,182,glangthorne51@go.com,Male,76.100.149.102,Maroon
Rourke,Whopples,183,rwhopples52@t.co,Female,233.91.135.30,Violet
Brandice,Wallach,184,bwallach53@surveymonkey.com,Male,237.130.88.255,Indigo
Adria,Yallowley,185,ayallowley54@ebay.com,Genderfluid,55.239.33.215,Orange
Verine,Erdes,186,verdes55@chronoengine.com,Non-binary,194.221.141.159,Mauv
Alane,Jindacek,187,ajindacek56@wired.com,Genderfluid,196.141.219.37,Crimson
Garfield,Thornham,188,gthornham57@arizona.edu,Female,203.240.45.216,Orange
Kristyn,Prettyman,189,kprettyman58@sitemeter.com,Genderfluid,10.158.223.2,Orange
Zacharie,Hannah,190,zhannah59@mac.com,Polygender,98.225.93.22,Indigo
Yetta,Carah,191,ycarah5a@cam.ac.uk,Genderqueer,43.114.124.243,Fuscia
Willard,Eldritt,192,weldritt5b@dmoz.org,Male,204.157.197.60,Fuscia
Michelina,Simoneau,193,msimoneau5c@digg.com,Male,156.171.5.100,Crimson
Mariska,Screase,194,mscrease5d@e-recht24.de,Polygender,136.78.3.90,Purple
Drugi,Kohring,195,dkohring5e@tripod.com,Genderqueer,39.198.101.63,Khaki
Chrotoem,Stent,196,cstent5f@walmart.com,Agender,88.105.143.139,Violet
Concettina,Kemmett,197,ckemmett5g@clickbank.net,Female,136.175.47.85,Maroon
Laurie,Jakubovics,198,ljakubovics5h@reference.com,Male,11.102.13.248,Orange
Aguie,Rozea,199,arozea5i@army.mil,Genderfluid,198.96.31.149,Khaki
Norma,Powdrell,200,npowdrell5j@free.fr,Female,166.138.145.215,Mauv
Portie,Schenfisch,201,pschenfisch5k@va.gov,Male,129.152.38.136,Red
Ferrell,Howsan,202,fhowsan5l@zdnet.com,Female,153.183.185.254,Teal
Benoite,Whyard,203,bwhyard5m@symantec.com,Polygender,230.185.87.79,Blue
Meryl,Dorgan,204,mdorgan5n@php.net,Bigender,121.91.47.239,Red
Dud,Kehri,205,dkehri5o@wikipedia.org,Polygender,48.83.29.121,Yellow
Evanne,Dobson,206,edobson5p@devhub.com,Genderqueer,98.246.255.152,Orange
Eileen,Moggach,207,emoggach5q@ask.com,Polygender,216.100.70.230,Red
Leonora,Southerill,208,lsoutherill5r@mayoclinic.com,Polygender,189.58.96.52,Fuscia
Callida,Scarrisbrick,209,cscarrisbrick5s@nyu.edu,Genderqueer,123.240.124.11,Green
Ulric,Breckon,210,ubreckon5t@gov.uk,Genderqueer,243.219.149.65,Khaki
Yancy,Leonard,211,yleonard5u@canalblog.com,Polygender,231.199.231.201,Teal
Aube,Halfhead,212,ahalfhead5v@yahoo.com,Genderfluid,211.2.86.102,Khaki
Wilden,Tesdale,213,wtesdale5w@pbs.org,Agender,30.94.205.5,Blue
Welch,Messager,214,wmessager5x@springer.com,Non-binary,137.11.45.46,Goldenrod
Maddi,Wackett,215,mwackett5y@rambler.ru,Bigender,135.106.26.90,Fuscia
Shermie,Salvidge,216,ssalvidge5z@fema.gov,Bigender,81.225.81.93,Fuscia
Jessica,Skelbeck,217,jskelbeck60@printfriendly.com,Non-binary,115.129.62.192,Maroon
Moss,Durtnall,218,mdurtnall61@wordpress.com,Female,231.36.151.16,Orange
Paloma,Ruske,219,pruske62@addthis.com,Genderqueer,255.113.228.140,Teal
Madella,Wrotham,220,mwrotham63@stumbleupon.com,Male,13.64.161.251,Indigo
Giorgio,Sanham,221,gsanham64@patch.com,Female,130.102.52.132,Indigo
Tate,Harce,222,tharce65@craigslist.org,Genderqueer,187.233.9.138,Teal
Tania,Steet,223,tsteet66@multiply.com,Genderqueer,15.219.64.12,Puce
Letitia,Aizikov,224,laizikov67@mit.edu,Genderfluid,35.127.118.224,Purple
Ida,Crankshaw,225,icrankshaw68@pen.io,Non-binary,118.147.34.215,Fuscia
Marietta,Magister,226,mmagister69@wufoo.com,Agender,28.209.196.152,Maroon
Cristy,Isaac,227,cisaac6a@addtoany.com,Bigender,79.80.61.88,Orange
Fabien,Gun,228,fgun6b@imgur.com,Genderfluid,230.85.218.222,Orange
Karylin,Clack,229,kclack6c@google.co.uk,Polygender,104.233.189.127,Orange
Harry,Dinan,230,hdinan6d@csmonitor.com,Polygender,122.170.100.197,Khaki
Kaila,MacGiolla,231,kmacgiolla6e@blogspot.com,Bigender,102.147.32.19,Orange
Clarisse,Jarrell,232,cjarrell6f@harvard.edu,Male,84.58.3.219,Violet
Gunar,Gloyens,233,ggloyens6g@boston.com,Non-binary,47.163.112.3,Violet
Kendra,Gayforth,234,kgayforth6h@economist.com,Male,136.254.142.66,Fuscia
Cirstoforo,Tigwell,235,ctigwell6i@wordpress.org,Agender,57.193.30.251,Puce
Lexie,Laux,236,llaux6j@spotify.com,Agender,225.110.34.92,Orange
Hashim,Gridon,237,hgridon6k@nbcnews.com,Male,41.123.63.72,Green
Rockwell,Lipp,238,rlipp6l@tiny.cc,Polygender,62.159.80.34,Mauv
Brianna,Yurocjkin,239,byurocjkin6m@4shared.com,Male,133.107.47.241,Aquamarine
Terza,Walder,240,twalder6n@theatlantic.com,Bigender,198.210.190.18,Maroon
Cal,Potell,241,cpotell6o@jimdo.com,Genderqueer,40.172.125.36,Maroon
Waldemar,Ruspine,242,wruspine6p@prlog.org,Female,195.182.155.182,Aquamarine
Gus,Snoad,243,gsnoad6q@diigo.com,Female,93.235.112.182,Blue
Cecilio,Argente,244,cargente6r@discuz.net,Genderqueer,9.202.46.190,Khaki
Keen,Gunby,245,kgunby6s@over-blog.com,Polygender,6.124.57.40,Blue
Oralia,O'Farrell,246,oofarrell6t@trellian.com,Bigender,218.177.17.226,Mauv
Shaylynn,Portress,247,sportress6u@wikipedia.org,Agender,239.98.200.95,Turquoise
Gardiner,Jerratsch,248,gjerratsch6v@yandex.ru,Female,236.77.5.136,Teal
Pete,Hazelgrove,249,phazelgrove6w@gizmodo.com,Genderfluid,64.143.14.6,Indigo
Ebony,Tickel,250,etickel6x@webs.com,Non-binary,102.99.153.202,Puce
Darcy,O'Dempsey,251,dodempsey6y@boston.com,Agender,118.69.154.120,Puce
Michael,Oxberry,252,moxberry6z@simplemachines.org,Female,132.1.126.177,Orange
Johnny,Brelsford,253,jbrelsford70@360.cn,Female,60.151.66.89,Purple
Zitella,Clarridge,254,zclarridge71@quantcast.com,Genderfluid,232.236.177.21,Maroon
Aigneis,Hammerman,255,ahammerman72@instagram.com,Female,110.179.45.87,Khaki
Nannie,Cowlard,256,ncowlard73@fc2.com,Polygender,120.4.86.0,Turquoise
Bern,Loyd,257,bloyd74@yellowbook.com,Non-binary,124.127.109.193,Purple
Devora,McCurley,258,dmccurley75@bbb.org,Non-binary,102.139.250.200,Blue
Godiva,Healks,259,ghealks76@reuters.com,Non-binary,29.48.109.9,Blue
Lek,Skillington,260,lskillington77@altervista.org,Genderfluid,238.199.139.100,Khaki
Xymenes,Fennessy,261,xfennessy78@state.gov,Agender,15.112.148.97,Turquoise
Jocelin,Lilloe,262,jlilloe79@yellowbook.com,Female,47.16.95.159,Purple
Zabrina,Vermer,263,zvermer7a@patch.com,Male,105.174.248.39,Teal
Jonas,Necrews,264,jnecrews7b@gov.uk,Non-binary,4.232.49.148,Mauv
Lovell,Geraudel,265,lgeraudel7c@youtube.com,Bigender,139.156.66.197,Indigo
Eddie,Diamant,266,ediamant7d@virginia.edu,Agender,229.195.88.90,Green
Deina,Gyles,267,dgyles7e@nba.com,Female,72.108.242.248,Mauv
Erastus,Joiner,268,ejoiner7f@ihg.com,Male,19.213.110.72,Khaki
Michele,Pagin,269,mpagin7g@last.fm,Bigender,50.168.1.50,Yellow
Israel,Fairfull,270,ifairfull7h@google.cn,Male,23.137.17.246,Blue
Pia,Iddens,271,piddens7i@cdc.gov,Non-binary,188.236.157.169,Red
Marrissa,Hackey,272,mhackey7j@rakuten.co.jp,Genderfluid,251.150.172.89,Orange
Alameda,Heinsh,273,aheinsh7k@slideshare.net,Genderfluid,72.190.208.146,Maroon
Shani,Jessup,274,sjessup7l@github.com,Female,142.170.177.179,Blue
Athena,Croot,275,acroot7m@economist.com,Bigender,171.125.24.182,Teal
Mimi,Giraudoux,276,mgiraudoux7n@bluehost.com,Bigender,102.46.236.107,Violet
Valentin,Caldecott,277,vcaldecott7o@loc.gov,Agender,116.182.80.239,Khaki
Emylee,Gasker,278,egasker7p@feedburner.com,Non-binary,72.197.160.82,Crimson
Gladi,O'Glessane,279,goglessane7q@geocities.com,Bigender,227.170.80.124,Violet
Zorine,De Mars,280,zdemars7r@soundcloud.com,Genderfluid,139.61.41.157,Green
Dolley,Ropkins,281,dropkins7s@ed.gov,Bigender,136.7.211.244,Aquamarine
Winona,Maypole,282,wmaypole7t@blogger.com,Genderfluid,135.125.18.44,Crimson
Marie-ann,Groger,283,mgroger7u@eepurl.com,Bigender,34.250.21.232,Indigo
Elsie,Christoffels,284,echristoffels7v@bluehost.com,Male,220.13.124.157,Fuscia
Ciel,Chomicki,285,cchomicki7w@seattletimes.com,Polygender,51.199.19.251,Maroon
Westbrook,McFarland,286,wmcfarland7x@ameblo.jp,Genderfluid,101.18.230.107,Pink
Irena,Sherwill,287,isherwill7y@usatoday.com,Non-binary,246.65.200.204,Maroon
Woodie,Hagergham,288,whagergham7z@squidoo.com,Bigender,237.51.188.104,Khaki
Ada,Filipchikov,289,afilipchikov80@usa.gov,Polygender,185.6.202.74,Crimson
Shay,Nock,290,snock81@blog.com,Female,222.236.199.40,Khaki
Bobbye,Petracci,291,bpetracci82@latimes.com,Agender,214.224.166.70,Indigo
Ronni,Monk,292,rmonk83@jugem.jp,Agender,88.239.72.242,Turquoise
Daffie,Archanbault,293,darchanbault84@sfgate.com,Female,252.147.191.122,Puce
Rebekkah,Valett,294,rvalett85@delicious.com,Female,94.102.220.229,Goldenrod
Roxana,Sievewright,295,rsievewright86@narod.ru,Genderqueer,86.18.38.196,Blue
Janeen,Verralls,296,jverralls87@scribd.com,Bigender,203.164.119.24,Purple
Alessandro,Welford,297,awelford88@phoca.cz,Genderqueer,173.184.158.56,Green
Karita,Castiglione,298,kcastiglione89@cam.ac.uk,Agender,208.230.95.80,Blue
Agnola,Lounds,299,alounds8a@newyorker.com,Male,16.35.183.200,Pink
Riley,Woodford,300,rwoodford8b@oracle.com,Polygender,197.139.188.70,Pink
Wes,Miranda,301,wmiranda8c@netscape.com,Female,141.4.147.153,Teal
Deny,Conkie,302,dconkie8d@bing.com,Genderfluid,151.17.96.194,Purple
Berkley,Cazalet,303,bcazalet8e@alexa.com,Female,71.85.171.70,Blue
Petra,Lukesch,304,plukesch8f@discovery.com,Genderqueer,135.238.22.11,Yellow
Dunc,Brendish,305,dbrendish8g@dyndns.org,Female,62.222.160.100,Fuscia
Sharline,Oseman,306,soseman8h@ibm.com,Female,111.13.192.237,Indigo
Truda,Stinton,307,tstinton8i@nydailynews.com,Agender,142.123.123.92,Blue
Leland,Drohane,308,ldrohane8j@gmpg.org,Bigender,252.162.165.107,Khaki
Emlynn,Tearle,309,etearle8k@java.com,Bigender,28.130.210.199,Violet
Rogers,Jelley,310,rjelley8l@nba.com,Genderqueer,162.152.11.45,Fuscia
Darci,Othick,311,dothick8m@ibm.com,Male,244.190.75.3,Blue
Evan,Giannoni,312,egiannoni8n@4shared.com,Male,138.43.225.87,Teal
Josee,Hazeman,313,jhazeman8o@ifeng.com,Bigender,122.140.177.139,Turquoise
Pen,Manterfield,314,pmanterfield8p@yale.edu,Genderqueer,193.108.174.20,Turquoise
Cordelie,Rulten,315,crulten8q@oaic.gov.au,Genderqueer,102.176.88.115,Green
Evvie,Perrigo,316,eperrigo8r@google.co.uk,Genderfluid,23.247.180.95,Mauv
Nefen,Stener,317,nstener8s@economist.com,Agender,65.207.63.141,Fuscia
Davina,McNair,318,dmcnair8t@de.vu,Genderqueer,103.199.87.158,Goldenrod
Yanaton,Heeney,319,yheeney8u@japanpost.jp,Agender,106.39.12.40,Crimson
Tricia,Kain,320,tkain8v@exblog.jp,Male,30.88.93.13,Goldenrod
Daveen,Danilovitch,321,ddanilovitch8w@netscape.com,Non-binary,33.52.188.75,Crimson
Quinn,Bromfield,322,qbromfield8x@sphinn.com,Female,105.113.61.187,Red
Jourdan,Muttock,323,jmuttock8y@mapquest.com,Agender,182.226.44.229,Fuscia
Vick,Addey,324,vaddey8z@csmonitor.com,Male,243.137.155.183,Yellow
Morty,Grinikhin,325,mgrinikhin90@ucla.edu,Genderqueer,98.203.128.133,Teal
Tara,Beavors,326,tbeavors91@samsung.com,Polygender,204.63.214.128,Orange
Jeffy,Imore,327,jimore92@google.com.br,Bigender,98.12.136.192,Orange
Jody,Corkish,328,jcorkish93@hao123.com,Non-binary,246.100.110.158,Red
Pansie,Finlay,329,pfinlay94@odnoklassniki.ru,Genderfluid,252.75.204.54,Yellow
Timothee,Surfleet,330,tsurfleet95@comcast.net,Polygender,85.201.42.50,Red
Edeline,O'Lehane,331,eolehane96@squarespace.com,Female,188.43.52.86,Mauv
Rosalynd,Harrington,332,rharrington97@reverbnation.com,Genderfluid,198.154.147.92,Purple
Parrnell,Wilfinger,333,pwilfinger98@ameblo.jp,Polygender,38.53.189.37,Khaki
Jonas,Matousek,334,jmatousek99@51.la,Agender,95.85.235.80,Indigo
Martita,Arrell,335,marrell9a@nationalgeographic.com,Genderfluid,32.66.211.159,Teal
Beale,Paskerful,336,bpaskerful9b@bbc.co.uk,Female,29.44.173.6,Orange
Nathanial,Lutty,337,nlutty9c@bravesites.com,Non-binary,252.199.81.126,Teal
Zelma,MacCallester,338,zmaccallester9d@columbia.edu,Female,145.117.215.203,Fuscia
Delcine,Farnish,339,dfarnish9e@shinystat.com,Non-binary,229.178.112.180,Violet
Nye,Sarrell,340,nsarrell9f@goo.ne.jp,Male,31.174.0.10,Blue
Glenna,Griffoen,341,ggriffoen9g@geocities.jp,Male,186.152.32.137,Mauv
Bear,Lamshead,342,blamshead9h@so-net.ne.jp,Male,212.131.189.146,Fuscia
Lela,Bogays,343,lbogays9i@opensource.org,Polygender,180.232.162.241,Indigo
Laurette,Shotboult,344,lshotboult9j@bbc.co.uk,Polygender,4.240.195.3,Puce
Erasmus,MacIlory,345,emacilory9k@symantec.com,Female,228.4.87.0,Puce
Herschel,Werndly,346,hwerndly9l@ezinearticles.com,Male,238.134.14.209,Red
Sylvia,Millington,347,smillington9m@auda.org.au,Polygender,45.203.129.190,Orange
Ermina,Marsy,348,emarsy9n@slashdot.org,Agender,238.171.90.180,Fuscia
Arlene,Caunce,349,acaunce9o@amazon.co.uk,Polygender,157.238.111.97,Green
Jaine,Ayre,350,jayre9p@dyndns.org,Genderqueer,227.125.248.169,Pink
Antonino,Bessant,351,abessant9q@washingtonpost.com,Female,106.208.244.229,Indigo
Cleo,Arundell,352,carundell9r@ucla.edu,Genderqueer,88.18.253.132,Yellow
Joshia,Mitford,353,jmitford9s@acquirethisname.com,Male,89.87.145.129,Teal
Gabriello,Aymes,354,gaymes9t@arstechnica.com,Polygender,14.252.185.148,Fuscia
Elly,Keyson,355,ekeyson9u@umich.edu,Male,171.59.245.177,Turquoise
Angelina,Magwood,356,amagwood9v@irs.gov,Genderqueer,254.19.27.227,Puce
Francyne,Gauntlett,357,fgauntlett9w@tumblr.com,Non-binary,151.129.225.101,Puce
Rurik,Balducci,358,rbalducci9x@miitbeian.gov.cn,Genderqueer,198.83.239.184,Turquoise
Pietrek,Pesic,359,ppesic9y@apple.com,Agender,70.88.56.178,Yellow
Jourdan,Bambery,360,jbambery9z@telegraph.co.uk,Female,221.192.164.178,Teal
Cathrine,Van den Hof,361,cvandenhofa0@topsy.com,Non-binary,149.134.133.66,Maroon
Oliy,Mirams,362,omiramsa1@weather.com,Polygender,32.96.121.9,Fuscia
Horton,Klaaasen,363,hklaaasena2@bloglines.com,Agender,180.178.63.46,Indigo
Kippy,Moloney,364,kmoloneya3@theguardian.com,Female,10.77.238.179,Orange
Pauli,Cheshir,365,pcheshira4@dmoz.org,Genderfluid,4.185.90.230,Pink
Humfrey,Wedgbrow,366,hwedgbrowa5@irs.gov,Bigender,248.204.18.32,Green
Abe,Philcock,367,aphilcocka6@cbsnews.com,Genderfluid,40.113.234.206,Goldenrod
Margit,Acarson,368,macarsona7@ask.com,Agender,226.215.213.106,Mauv
Price,Corten,369,pcortena8@nasa.gov,Female,255.73.58.43,Green
Maryanne,Nizet,370,mnizeta9@washington.edu,Genderqueer,167.93.230.172,Maroon
Ingra,Muffitt,371,imuffittaa@lulu.com,Polygender,107.174.168.146,Teal
Philomena,Fellgett,372,pfellgettab@theatlantic.com,Agender,246.111.250.133,Purple
Edgar,Duetschens,373,eduetschensac@rambler.ru,Polygender,60.191.237.105,Pink
Barry,Aloshikin,374,baloshikinad@about.me,Genderfluid,8.68.121.22,Pink
Peadar,Gilyott,375,pgilyottae@blogtalkradio.com,Non-binary,83.65.24.134,Puce
Fidelia,Marple,376,fmarpleaf@narod.ru,Genderqueer,116.118.13.140,Violet
Brena,Blamphin,377,bblamphinag@deliciousdays.com,Agender,252.174.28.83,Maroon
Sayres,Inkin,378,sinkinah@bizjournals.com,Non-binary,69.116.42.160,Orange
Pate,Folkes,379,pfolkesai@google.es,Female,59.56.222.8,Red
Caryl,Kleimt,380,ckleimtaj@skyrock.com,Male,216.110.51.169,Puce
Reinhard,Barltrop,381,rbarltropak@surveymonkey.com,Male,200.218.156.198,Purple
Rufe,MacIlory,382,rmaciloryal@xrea.com,Genderfluid,133.81.167.77,Yellow
Niven,Cannan,383,ncannanam@state.tx.us,Female,219.106.202.88,Khaki
Nicko,Welden,384,nweldenan@mail.ru,Female,44.78.201.79,Green
Clovis,Prantl,385,cprantlao@youtu.be,Male,109.85.31.49,Orange
Ram,Kersaw,386,rkersawap@bloomberg.com,Bigender,110.233.18.48,Teal
Nichol,Rizzi,387,nrizziaq@pen.io,Female,193.166.233.24,Maroon
Hernando,Isaksson,388,hisakssonar@phoca.cz,Genderfluid,63.230.77.234,Pink
Grantham,Lope,389,glopeas@scientificamerican.com,Male,174.141.0.124,Green
Adam,Quincey,390,aquinceyat@berkeley.edu,Polygender,19.165.240.63,Indigo
Merrile,Parades,391,mparadesau@alexa.com,Female,232.132.117.87,Teal
Joana,Woolen,392,jwoolenav@ifeng.com,Non-binary,30.188.9.49,Purple
Yorker,Lago,393,ylagoaw@qq.com,Female,200.252.65.103,Pink
Reena,Brandin,394,rbrandinax@dmoz.org,Male,214.131.87.209,Turquoise
Olvan,Bradborne,395,obradborneay@myspace.com,Female,236.140.175.63,Fuscia
Rollins,Baird,396,rbairdaz@blogspot.com,Bigender,208.88.93.249,Crimson
Marcos,Bycraft,397,mbycraftb0@altervista.org,Non-binary,153.202.87.77,Khaki
Tyler,Lumber,398,tlumberb1@is.gd,Agender,175.231.169.30,Goldenrod
Twila,Massen,399,tmassenb2@thetimes.co.uk,Genderqueer,100.11.125.191,Goldenrod
Rollins,Rocca,400,rroccab3@e-recht24.de,Bigender,232.134.200.28,Violet
Maurizio,Danilyuk,401,mdanilyukb4@ucsd.edu,Non-binary,71.2.227.201,Orange
Gavan,Bathersby,402,gbathersbyb5@last.fm,Non-binary,81.255.220.184,Blue
Francklin,Bottrell,403,fbottrellb6@amazon.co.jp,Bigender,202.64.159.121,Maroon
Guthry,Janowski,404,gjanowskib7@sourceforge.net,Polygender,227.131.210.241,Turquoise
Skyler,Scollan,405,sscollanb8@apple.com,Male,125.255.104.115,Red
Lennie,Doale,406,ldoaleb9@qq.com,Genderqueer,151.5.95.137,Teal
Mechelle,Fitt,407,mfittba@webnode.com,Non-binary,113.216.224.213,Aquamarine
Marissa,Cawthry,408,mcawthrybb@typepad.com,Polygender,141.148.49.178,Aquamarine
Leonore,Gouley,409,lgouleybc@pen.io,Bigender,19.113.167.166,Fuscia
Donall,Lambe,410,dlambebd@google.nl,Genderqueer,102.217.5.37,Khaki
Honor,Abadam,411,habadambe@dot.gov,Bigender,54.207.229.113,Teal
Meris,McGenis,412,mmcgenisbf@nbcnews.com,Agender,221.42.169.131,Goldenrod
Conant,Ibert,413,cibertbg@cargocollective.com,Genderqueer,112.139.242.255,Indigo
Tory,Somerscales,414,tsomerscalesbh@upenn.edu,Agender,160.105.174.146,Yellow
Richardo,Sealand,415,rsealandbi@acquirethisname.com,Polygender,148.207.100.134,Aquamarine
Tannie,Jansen,416,tjansenbj@furl.net,Polygender,15.2.175.65,Turquoise
Pryce,Hovee,417,phoveebk@china.com.cn,Non-binary,104.211.124.238,Violet
Stephanus,Benzing,418,sbenzingbl@ask.com,Non-binary,53.165.206.182,Turquoise
Aryn,Grooby,419,agroobybm@forbes.com,Female,11.135.74.30,Goldenrod
Truda,Gabler,420,tgablerbn@yelp.com,Agender,44.239.180.49,Teal
Gannie,Reuss,421,greussbo@unicef.org,Female,81.31.93.29,Green
Barry,Hurle,422,bhurlebp@indiegogo.com,Genderqueer,242.156.108.3,Maroon
Cassondra,Jagiela,423,cjagielabq@yahoo.com,Non-binary,55.191.162.41,Khaki
Ryan,Hyndley,424,rhyndleybr@t-online.de,Agender,251.112.7.129,Yellow
Preston,Bitchener,425,pbitchenerbs@buzzfeed.com,Male,209.130.61.150,Puce
Zita,Forrest,426,zforrestbt@msn.com,Bigender,153.179.170.120,Indigo
Westley,Kenrick,427,wkenrickbu@elegantthemes.com,Male,65.144.199.86,Blue
Jermain,Kohn,428,jkohnbv@ustream.tv,Non-binary,73.208.110.142,Puce
Terri-jo,Boggish,429,tboggishbw@themeforest.net,Agender,19.14.155.175,Orange
Timi,Clynman,430,tclynmanbx@ebay.co.uk,Female,95.188.193.58,Blue
Karisa,Wittier,431,kwittierby@photobucket.com,Male,236.221.75.62,Yellow
Nowell,Coggins,432,ncogginsbz@tinypic.com,Female,130.103.91.239,Maroon
Diane,Millwater,433,dmillwaterc0@narod.ru,Female,245.49.203.67,Pink
Ugo,McIvor,434,umcivorc1@alibaba.com,Female,83.98.134.199,Orange
Kristyn,Yedy,435,kyedyc2@skyrock.com,Agender,71.116.153.2,Aquamarine
Thayne,Soppit,436,tsoppitc3@ehow.com,Female,70.67.63.237,Mauv
Lorianna,Evett,437,levettc4@omniture.com,Genderfluid,53.55.62.177,Turquoise
Bordie,Munson,438,bmunsonc5@soundcloud.com,Non-binary,233.38.250.146,Red
Bessy,Iffe,439,biffec6@angelfire.com,Genderfluid,176.163.142.210,Crimson
Manon,Butchart,440,mbutchartc7@bloglines.com,Genderfluid,74.221.22.245,Indigo
Giffard,Botton,441,gbottonc8@addthis.com,Genderfluid,173.247.191.147,Purple
Akim,Backshaw,442,abackshawc9@miitbeian.gov.cn,Female,105.151.56.138,Purple
Gusella,Gleave,443,ggleaveca@yellowbook.com,Agender,130.202.179.96,Indigo
Jeniffer,Gillbard,444,jgillbardcb@dropbox.com,Genderfluid,152.22.143.76,Maroon
Bay,Tressler,445,btresslercc@spiegel.de,Genderqueer,18.247.153.212,Yellow
Nathan,McCloud,446,nmccloudcd@privacy.gov.au,Female,22.2.84.86,Mauv
Norah,Llewellin,447,nllewellince@apple.com,Genderfluid,234.127.152.164,Indigo
Adelheid,Lewisham,448,alewishamcf@51.la,Male,113.34.96.98,Mauv
Monica,Brockest,449,mbrockestcg@arizona.edu,Genderfluid,246.232.90.226,Red
Emlynn,Worswick,450,eworswickch@patch.com,Agender,35.66.38.101,Green
Jasmine,Duckett,451,jduckettci@washington.edu,Polygender,247.59.85.88,Yellow
Lorianne,Royal,452,lroyalcj@spiegel.de,Genderfluid,135.154.22.241,Puce
Sawyere,Fehners,453,sfehnersck@rambler.ru,Agender,11.85.21.7,Orange
Ambros,Aylesbury,454,aaylesburycl@imgur.com,Male,44.146.66.110,Green
Britni,Barrow,455,bbarrowcm@ning.com,Female,92.104.211.90,Teal
Godiva,Vargas,456,gvargascn@google.co.uk,Non-binary,146.166.194.220,Crimson
Ray,Laurentin,457,rlaurentinco@sun.com,Polygender,197.156.184.61,Puce
Dilly,Harrild,458,dharrildcp@ft.com,Agender,79.175.18.223,Puce
Audrie,Dicks,459,adickscq@webmd.com,Male,39.100.54.119,Yellow
Shirl,Shovel,460,sshovelcr@senate.gov,Genderqueer,41.188.240.17,Indigo
Valeda,Dahlen,461,vdahlencs@nba.com,Non-binary,0.208.170.153,Goldenrod
Kele,Tallon,462,ktallonct@altervista.org,Non-binary,107.95.150.142,Khaki
Page,Devereux,463,pdevereuxcu@phpbb.com,Non-binary,30.41.136.37,Indigo
Arline,Quimby,464,aquimbycv@google.com.au,Agender,236.13.124.31,Pink
Theodoric,Cruikshanks,465,tcruikshankscw@si.edu,Genderfluid,214.156.70.111,Maroon
Armand,Pawelek,466,apawelekcx@stanford.edu,Agender,240.96.17.249,Mauv
Cleavland,Freeburn,467,cfreeburncy@homestead.com,Genderqueer,15.62.223.109,Purple
Mufinella,Lamborne,468,mlambornecz@yolasite.com,Genderfluid,6.26.23.72,Crimson
Alyssa,Samsin,469,asamsind0@sbwire.com,Genderqueer,94.6.147.77,Blue
Carver,Joblin,470,cjoblind1@amazon.de,Bigender,140.73.134.120,Maroon
Brande,Haward,471,bhawardd2@dailymotion.com,Genderqueer,1.211.125.124,Blue
Aluino,Dunnan,472,adunnand3@nps.gov,Bigender,74.29.16.111,Orange
Christophorus,Covil,473,ccovild4@sbwire.com,Non-binary,175.125.243.47,Indigo
Trever,Woodings,474,twoodingsd5@yelp.com,Agender,32.149.215.45,Fuscia
Adelice,Halliberton,475,ahallibertond6@webnode.com,Male,67.108.111.62,Aquamarine
Remus,Mothersole,476,rmothersoled7@zdnet.com,Agender,33.185.152.147,Indigo
Quinn,Hitzmann,477,qhitzmannd8@dion.ne.jp,Genderqueer,92.246.13.90,Teal
Moses,Divall,478,mdivalld9@princeton.edu,Polygender,14.70.102.206,Purple
Roch,Tregale,479,rtregaleda@adobe.com,Non-binary,230.58.20.127,Red
Margalit,Filson,480,mfilsondb@rediff.com,Agender,79.110.216.207,Orange
Lorinda,Han,481,lhandc@xrea.com,Non-binary,130.68.1.100,Red
Willem,Tripett,482,wtripettdd@nature.com,Non-binary,157.39.29.7,Fuscia
Ursa,Towriss,483,utowrissde@yelp.com,Agender,255.224.127.199,Mauv
Rosina,Kleimt,484,rkleimtdf@mail.ru,Bigender,51.64.111.57,Indigo
Kanya,Keppel,485,kkeppeldg@oakley.com,Male,172.62.215.109,Green
Monti,Divall,486,mdivalldh@omniture.com,Agender,7.109.240.187,Khaki
Gretta,Ivakhno,487,givakhnodi@time.com,Bigender,74.132.195.64,Pink
Royce,Effaunt,488,reffauntdj@123-reg.co.uk,Agender,232.239.150.212,Blue
Agneta,MacNeill,489,amacneilldk@smh.com.au,Polygender,109.99.133.174,Crimson
Chad,McCaighey,490,cmccaigheydl@marriott.com,Bigender,66.83.78.183,Aquamarine
Fanya,Bargh,491,fbarghdm@soup.io,Genderqueer,61.212.76.226,Maroon
Ruthanne,Feronet,492,rferonetdn@amazon.co.uk,Male,3.197.94.204,Maroon
Viki,Glassopp,493,vglassoppdo@utexas.edu,Bigender,16.218.166.123,Puce
Blane,Gazey,494,bgazeydp@squarespace.com,Polygender,40.4.78.224,Fuscia
Ramsey,de Lloyd,495,rdelloyddq@chicagotribune.com,Male,254.69.132.186,Khaki
Harry,Vernay,496,hvernaydr@about.com,Bigender,219.201.111.173,Violet
Odelinda,Baggett,497,obaggettds@time.com,Genderfluid,32.165.71.200,Fuscia
Karney,Theodoris,498,ktheodorisdt@fda.gov,Male,193.206.90.39,Red
Margarette,Canellas,499,mcanellasdu@toplist.cz,Polygender,229.91.74.252,Goldenrod
Hymie,Hinnerk,500,hhinnerkdv@skype.com,Polygender,37.74.74.168,Maroon
Karyl,Murford,501,kmurforddw@apple.com,Non-binary,158.254.182.245,Blue
Marvin,Brunesco,502,mbrunescodx@house.gov,Bigender,181.5.54.68,Orange
Carlynn,Hessentaler,503,chessentalerdy@chron.com,Genderfluid,163.46.140.166,Maroon
Angy,Warwick,504,awarwickdz@netvibes.com,Agender,69.104.203.120,Goldenrod
Javier,Duester,505,jduestere0@webeden.co.uk,Non-binary,207.41.182.2,Green
Evered,Campe,506,ecampee1@admin.ch,Genderfluid,203.49.147.8,Puce
Diarmid,Attrey,507,dattreye2@ox.ac.uk,Bigender,215.15.241.71,Violet
Mathilde,Storr,508,mstorre3@earthlink.net,Agender,14.102.248.87,Blue
Fina,McCue,509,fmccuee4@ucoz.com,Genderfluid,132.245.36.220,Indigo
Colin,Atmore,510,catmoree5@msn.com,Male,227.44.211.151,Orange
Vivianne,Rosekilly,511,vrosekillye6@bloomberg.com,Female,18.200.89.85,Aquamarine
Cammi,Fitzackerley,512,cfitzackerleye7@constantcontact.com,Polygender,47.200.182.14,Aquamarine
Natty,Enriques,513,nenriquese8@jugem.jp,Polygender,223.193.103.136,Khaki
Merle,Challis,514,mchallise9@phoca.cz,Female,121.22.99.21,Pink
Umberto,Witherup,515,uwitherupea@kickstarter.com,Non-binary,24.25.157.224,Violet
Isidoro,Alenshev,516,ialensheveb@google.de,Agender,0.50.103.20,Orange
Kippy,Yellowlea,517,kyellowleaec@latimes.com,Non-binary,217.64.17.199,Teal
Martainn,Gerretsen,518,mgerretsened@aol.com,Agender,198.226.40.115,Violet
Kleon,Sunley,519,ksunleyee@ebay.com,Female,6.49.142.117,Orange
Codie,Webburn,520,cwebburnef@phoca.cz,Genderqueer,249.30.200.27,Mauv
Kristan,Meachan,521,kmeachaneg@i2i.jp,Non-binary,119.193.153.69,Maroon
Freida,Southey,522,fsoutheyeh@live.com,Genderqueer,73.161.31.74,Fuscia
Kaitlyn,Tyrie,523,ktyrieei@vk.com,Male,149.186.216.87,Fuscia
Bendix,Cansfield,524,bcansfieldej@canalblog.com,Agender,6.240.114.8,Khaki
Ruddie,Peakman,525,rpeakmanek@is.gd,Female,235.219.50.119,Khaki
Park,Blackaller,526,pblackallerel@cocolog-nifty.com,Genderfluid,250.121.146.163,Teal
Hansiain,Narramor,527,hnarramorem@nifty.com,Agender,235.232.43.183,Crimson
Millisent,Joisce,528,mjoisceen@google.fr,Agender,237.154.158.217,Turquoise
Jyoti,Bomb,529,jbombeo@chronoengine.com,Genderqueer,43.123.97.131,Khaki
Beilul,Deek,530,bdeekep@ucsd.edu,Agender,113.132.247.177,Green
Bucky,Kenningham,531,bkenninghameq@microsoft.com,Genderfluid,222.78.115.23,Puce
Guinna,Handyside,532,ghandysideer@tumblr.com,Polygender,213.140.18.210,Purple
Bondy,Sheddan,533,bsheddanes@latimes.com,Genderfluid,168.8.130.95,Goldenrod
Ashien,Habishaw,534,ahabishawet@wsj.com,Non-binary,73.101.244.65,Green
Ema,Vasilechko,535,evasilechkoeu@opensource.org,Bigender,58.22.78.41,Blue
Hedda,Vigietti,536,hvigiettiev@prnewswire.com,Male,243.153.62.222,Yellow
Reba,Rengger,537,rrenggerew@deviantart.com,Genderqueer,33.3.252.198,Teal
Myrvyn,Steanson,538,msteansonex@cisco.com,Polygender,40.147.247.2,Green
Patrizia,Milverton,539,pmilvertoney@pen.io,Genderfluid,176.144.25.32,Violet
Rosalie,Brockett,540,rbrockettez@omniture.com,Male,170.157.231.187,Goldenrod
Meridith,Ivakhnov,541,mivakhnovf0@msu.edu,Genderfluid,75.114.111.87,Goldenrod
Meghann,Thorneley,542,mthorneleyf1@netlog.com,Agender,118.44.112.206,Maroon
Melinda,Leckey,543,mleckeyf2@naver.com,Agender,44.169.248.217,Pink
Krissy,Nourse,544,knoursef3@time.com,Male,169.26.159.209,Orange
Gay,Honisch,545,ghonischf4@fc2.com,Bigender,217.146.232.125,Puce
Cecily,Bromley,546,cbromleyf5@posterous.com,Genderfluid,23.157.190.146,Mauv
Fran,Olorenshaw,547,folorenshawf6@51.la,Genderfluid,37.88.230.130,Indigo
Aileen,Petruk,548,apetrukf7@networksolutions.com,Male,60.173.212.148,Mauv
Josi,Kuhndel,549,jkuhndelf8@cbsnews.com,Female,116.175.218.180,Purple
Stevie,Red,550,sredf9@com.com,Polygender,164.117.45.101,Purple
Kile,Boyne,551,kboynefa@state.gov,Genderqueer,167.214.194.212,Orange
Jocelyne,Fitzsymonds,552,jfitzsymondsfb@amazonaws.com,Female,136.85.165.225,Fuscia
Petra,Havercroft,553,phavercroftfc@flavors.me,Non-binary,178.47.74.2,Pink
Nathanael,Mantripp,554,nmantrippfd@tamu.edu,Genderfluid,35.103.114.99,Mauv
Malina,Sweynson,555,msweynsonfe@accuweather.com,Genderqueer,51.168.117.233,Puce
Waylan,De Robertis,556,wderobertisff@youku.com,Genderqueer,192.93.37.200,Indigo
Judd,Lefridge,557,jlefridgefg@google.es,Genderqueer,13.130.38.156,Turquoise
Kendal,Davydenko,558,kdavydenkofh@shareasale.com,Agender,221.67.76.186,Pink
Terence,Yeaman,559,tyeamanfi@csmonitor.com,Bigender,131.120.198.25,Yellow
Celine,Kimm,560,ckimmfj@kickstarter.com,Genderfluid,39.160.216.74,Red
Truda,Purdom,561,tpurdomfk@stanford.edu,Non-binary,102.111.189.8,Teal
Reena,Romagosa,562,rromagosafl@fastcompany.com,Male,123.116.148.23,Khaki
Salvatore,Gregoretti,563,sgregorettifm@netvibes.com,Non-binary,49.108.166.255,Puce
Margalit,Sondland,564,msondlandfn@issuu.com,Female,111.230.35.95,Red
Hillary,Burdus,565,hburdusfo@goo.gl,Non-binary,218.43.2.34,Puce
Donny,Margaritelli,566,dmargaritellifp@angelfire.com,Genderqueer,200.97.68.118,Goldenrod
Errick,Huckfield,567,ehuckfieldfq@scribd.com,Agender,214.31.121.206,Crimson
Cosette,Acutt,568,cacuttfr@wordpress.com,Agender,248.106.132.10,Indigo
Bradan,Morgen,569,bmorgenfs@mapquest.com,Agender,223.86.95.44,Maroon
Isaak,Hassell,570,ihassellft@parallels.com,Agender,133.218.155.37,Violet
Ford,Hubbuck,571,fhubbuckfu@purevolume.com,Genderqueer,192.74.74.12,Yellow
Seymour,Deneve,572,sdenevefv@xrea.com,Agender,129.230.33.249,Puce
Dallis,Keech,573,dkeechfw@sphinn.com,Polygender,176.221.66.171,Khaki
Aylmar,Calvey,574,acalveyfx@cdc.gov,Bigender,117.69.181.150,Yellow
Ellynn,Ksandra,575,eksandrafy@opera.com,Agender,251.137.94.15,Maroon
Pinchas,Revely,576,prevelyfz@xinhuanet.com,Genderqueer,173.124.154.132,Teal
Mordy,Volkes,577,mvolkesg0@constantcontact.com,Male,168.89.56.24,Crimson
Elisha,Pobjoy,578,epobjoyg1@squarespace.com,Male,91.255.158.39,Aquamarine
Tamarah,Logsdale,579,tlogsdaleg2@cam.ac.uk,Bigender,42.216.136.166,Red
Traver,Sambrook,580,tsambrookg3@goodreads.com,Bigender,204.132.237.208,Maroon
Olympie,Jewar,581,ojewarg4@shop-pro.jp,Non-binary,200.188.204.115,Puce
Mabelle,Paddefield,582,mpaddefieldg5@geocities.com,Bigender,96.148.64.100,Puce
Rania,Jacobi,583,rjacobig6@ocn.ne.jp,Agender,181.231.227.222,Green
Tarah,Hotton,584,thottong7@goodreads.com,Agender,189.126.129.196,Teal
Caterina,Armsby,585,carmsbyg8@ow.ly,Bigender,227.175.191.98,Red
Cathryn,Bolt,586,cboltg9@altervista.org,Non-binary,68.111.23.62,Red
Isabel,Giffkins,587,igiffkinsga@barnesandnoble.com,Polygender,165.252.35.170,Pink
Dieter,Geaney,588,dgeaneygb@hatena.ne.jp,Female,158.190.179.185,Goldenrod
Colly,Wyldbore,589,cwyldboregc@amazon.co.uk,Polygender,93.0.125.173,Crimson
Gideon,Summersett,590,gsummersettgd@paginegialle.it,Bigender,129.91.148.180,Violet
Tove,Wealthall,591,twealthallge@icq.com,Female,2.39.31.193,Orange
Fannie,Stratton,592,fstrattongf@woothemes.com,Polygender,245.36.107.143,Blue
Inesita,Coytes,593,icoytesgg@mac.com,Female,195.213.123.29,Red
Evelyn,Vale,594,evalegh@live.com,Male,164.212.36.206,Red
Virginia,Dahlborg,595,vdahlborggi@symantec.com,Male,115.190.126.32,Goldenrod
Karlie,Mitton,596,kmittongj@pagesperso-orange.fr,Agender,134.107.98.251,Pink
Rustin,Biggans,597,rbiggansgk@mapy.cz,Polygender,160.227.160.253,Mauv
Templeton,Bagshawe,598,tbagshawegl@army.mil,Bigender,134.201.137.153,Fuscia
Elayne,Iddison,599,eiddisongm@msn.com,Agender,65.160.94.14,Indigo
Austina,Pringuer,600,apringuergn@symantec.com,Male,219.76.8.57,Crimson
Baxy,Hum,601,bhumgo@marketwatch.com,Genderqueer,220.151.64.235,Blue
Delly,Styles,602,dstylesgp@i2i.jp,Genderfluid,148.227.228.233,Maroon
Koressa,Reany,603,kreanygq@pagesperso-orange.fr,Agender,95.217.29.180,Turquoise
Consalve,Witcomb,604,cwitcombgr@live.com,Genderfluid,65.78.75.98,Teal
Jud,Peres,605,jperesgs@flickr.com,Genderfluid,50.239.0.223,Khaki
Bride,Koomar,606,bkoomargt@ucoz.ru,Non-binary,226.1.200.60,Crimson
Marsh,Brereton,607,mbreretongu@google.es,Bigender,160.43.253.131,Crimson
Raquela,Pietz,608,rpietzgv@shinystat.com,Non-binary,216.51.138.55,Puce
Lucie,Hartopp,609,lhartoppgw@cocolog-nifty.com,Female,80.102.230.174,Red
Letty,Codd,610,lcoddgx@msn.com,Polygender,85.84.10.35,Teal
Lucio,Mulgrew,611,lmulgrewgy@slate.com,Genderfluid,54.30.118.164,Red
Ogdon,McCerery,612,omccererygz@dot.gov,Bigender,246.17.175.40,Orange
Trace,Clubley,613,tclubleyh0@ehow.com,Polygender,122.102.58.120,Yellow
Emelia,Kerfut,614,ekerfuth1@patch.com,Male,92.146.204.9,Orange
Rafaela,Cattlow,615,rcattlowh2@cbsnews.com,Genderqueer,124.238.112.133,Yellow
Essy,Barnish,616,ebarnishh3@live.com,Genderqueer,65.37.55.200,Blue
Jarid,Feldberger,617,jfeldbergerh4@liveinternet.ru,Bigender,116.142.107.226,Yellow
Allister,Gittings,618,agittingsh5@ovh.net,Bigender,204.21.216.217,Orange
Ardene,Furmonger,619,afurmongerh6@examiner.com,Genderfluid,66.217.138.113,Mauv
Klara,Fernao,620,kfernaoh7@seattletimes.com,Agender,173.109.177.64,Red
Nero,Bartrum,621,nbartrumh8@ameblo.jp,Male,109.142.163.38,Mauv
Matilda,Feathersby,622,mfeathersbyh9@opensource.org,Female,250.99.36.180,Aquamarine
Kristi,MacParlan,623,kmacparlanha@comsenz.com,Female,113.20.17.225,Yellow
Demetrius,Mungan,624,dmunganhb@cbslocal.com,Agender,13.191.42.121,Teal
Wakefield,Creeber,625,wcreeberhc@blogspot.com,Agender,25.27.128.47,Goldenrod
Garwood,Dmitrievski,626,gdmitrievskihd@japanpost.jp,Non-binary,38.177.233.187,Maroon
Julianna,Jadczak,627,jjadczakhe@imageshack.us,Agender,35.100.41.167,Mauv
Albina,Chupin,628,achupinhf@eventbrite.com,Bigender,81.243.165.36,Fuscia
Yves,Pyle,629,ypylehg@redcross.org,Non-binary,88.17.248.233,Purple
Cole,Copes,630,ccopeshh@answers.com,Genderqueer,231.53.102.67,Maroon
Noak,How,631,nhowhi@utexas.edu,Agender,227.179.212.66,Yellow
Shelley,Brunner,632,sbrunnerhj@seesaa.net,Genderqueer,211.40.24.71,Crimson
Abdel,Bartholomew,633,abartholomewhk@ocn.ne.jp,Genderqueer,249.177.194.137,Red
Sloan,Andrich,634,sandrichhl@arstechnica.com,Polygender,9.228.201.233,Maroon
Amii,Itzkov,635,aitzkovhm@scribd.com,Male,7.201.189.134,Goldenrod
Timotheus,Gert,636,tgerthn@w3.org,Polygender,114.229.11.112,Purple
Paxton,Wyatt,637,pwyattho@mysql.com,Genderqueer,127.95.47.67,Turquoise
Tally,McLucas,638,tmclucashp@cisco.com,Genderqueer,153.217.47.164,Goldenrod
Dosi,Raymond,639,draymondhq@ftc.gov,Non-binary,20.56.162.23,Violet
Scottie,Demare,640,sdemarehr@businessinsider.com,Genderfluid,249.152.242.4,Puce
Olga,Mardy,641,omardyhs@umich.edu,Agender,159.107.76.86,Goldenrod
Inge,Ervin,642,iervinht@wiley.com,Non-binary,163.27.195.72,Goldenrod
Craggy,Korejs,643,ckorejshu@reuters.com,Genderqueer,47.96.24.210,Aquamarine
Alec,Fendlen,644,afendlenhv@hatena.ne.jp,Non-binary,238.247.139.222,Mauv
Patrica,Hryskiewicz,645,phryskiewiczhw@wunderground.com,Polygender,188.248.161.254,Teal
Berti,Calvert,646,bcalverthx@photobucket.com,Agender,77.60.186.41,Orange
Jennilee,Pally,647,jpallyhy@acquirethisname.com,Bigender,169.20.238.122,Khaki
Duky,Piechnik,648,dpiechnikhz@ca.gov,Non-binary,215.120.135.249,Crimson
Malanie,Jenkerson,649,mjenkersoni0@e-recht24.de,Genderqueer,81.238.144.143,Teal
Edlin,Navan,650,enavani1@prlog.org,Genderqueer,4.102.130.129,Goldenrod
Raimundo,Groveham,651,rgrovehami2@yelp.com,Genderqueer,40.131.254.134,Puce
Gertruda,De Cleen,652,gdecleeni3@posterous.com,Polygender,52.135.48.77,Turquoise
Rozelle,Ollerton,653,rollertoni4@last.fm,Bigender,132.108.37.236,Khaki
Steven,Karpeev,654,skarpeevi5@bigcartel.com,Genderfluid,249.43.218.224,Turquoise
Peri,Malamore,655,pmalamorei6@hugedomains.com,Genderfluid,179.34.240.222,Khaki
Elle,Hitschke,656,ehitschkei7@51.la,Female,34.22.200.141,Teal
Aigneis,Frobisher,657,afrobisheri8@youtu.be,Agender,93.196.152.155,Purple
Marie-jeanne,Pamplin,658,mpamplini9@cornell.edu,Non-binary,164.198.245.245,Mauv
Coriss,Bendall,659,cbendallia@liveinternet.ru,Female,22.95.215.204,Aquamarine
Noni,Robjant,660,nrobjantib@cbc.ca,Female,224.192.110.176,Indigo
Franklyn,Giamelli,661,fgiamelliic@ovh.net,Genderqueer,88.184.1.1,Turquoise
Ealasaid,McTavish,662,emctavishid@wix.com,Male,106.155.133.16,Crimson
Gussi,Blindermann,663,gblindermannie@cisco.com,Non-binary,93.123.177.207,Yellow
Phylys,Barlee,664,pbarleeif@bigcartel.com,Female,81.194.177.199,Mauv
Andra,Blaxall,665,ablaxallig@dailymail.co.uk,Genderqueer,8.82.143.232,Puce
Ollie,Mountjoy,666,omountjoyih@goo.ne.jp,Female,150.160.129.251,Pink
Terrel,Mottinelli,667,tmottinelliii@earthlink.net,Polygender,16.231.93.0,Yellow
Brade,Adamovitch,668,badamovitchij@tinyurl.com,Polygender,236.231.10.224,Goldenrod
Rodolfo,Colyer,669,rcolyerik@yelp.com,Non-binary,53.163.23.212,Purple
Abel,Sidsaff,670,asidsaffil@creativecommons.org,Bigender,120.25.215.147,Violet
Amabelle,Keywood,671,akeywoodim@tamu.edu,Non-binary,69.211.30.124,Pink
Terese,Sutty,672,tsuttyin@shop-pro.jp,Agender,187.146.1.184,Yellow
Mureil,Matuszak,673,mmatuszakio@mozilla.com,Non-binary,37.83.115.100,Indigo
Ursula,Bunyard,674,ubunyardip@slideshare.net,Female,220.63.218.179,Pink
Cassy,Dawidman,675,cdawidmaniq@zdnet.com,Non-binary,176.20.177.182,Pink
Eleni,Bauldrey,676,ebauldreyir@wisc.edu,Female,95.154.81.198,Maroon
Tessi,Bony,677,tbonyis@tiny.cc,Genderfluid,144.242.57.208,Mauv
Augustine,Grunbaum,678,agrunbaumit@zimbio.com,Agender,179.190.53.181,Green
Wilden,Rickell,679,wrickelliu@rediff.com,Male,252.123.143.159,Mauv
Merill,Nealand,680,mnealandiv@seesaa.net,Bigender,125.113.251.232,Khaki
Conrado,Paybody,681,cpaybodyiw@1und1.de,Genderfluid,205.129.194.93,Fuscia
Angel,Caudray,682,acaudrayix@trellian.com,Non-binary,68.159.76.170,Orange
Gustaf,Heephy,683,gheephyiy@imageshack.us,Polygender,144.36.175.55,Orange
Jaime,Limpenny,684,jlimpennyiz@gmpg.org,Bigender,201.115.45.217,Pink
Christin,Smissen,685,csmissenj0@indiegogo.com,Bigender,228.188.233.64,Turquoise
Junie,Grastye,686,jgrastyej1@icio.us,Female,15.11.120.239,Maroon
Marthena,Middlemass,687,mmiddlemassj2@miibeian.gov.cn,Agender,202.151.137.253,Blue
Terrence,Clewlowe,688,tclewlowej3@1und1.de,Agender,84.133.78.194,Fuscia
Marthena,Yitshak,689,myitshakj4@wiley.com,Agender,99.229.240.59,Maroon
Florrie,Blaby,690,fblabyj5@newsvine.com,Genderqueer,39.171.249.58,Puce
Giustino,Gerren,691,ggerrenj6@time.com,Female,189.244.136.15,Khaki
Mufinella,Crosetti,692,mcrosettij7@ehow.com,Genderfluid,2.13.99.65,Green
Del,Fleischer,693,dfleischerj8@home.pl,Genderfluid,96.186.158.98,Yellow
Teador,Coots,694,tcootsj9@mlb.com,Agender,110.8.104.89,Purple
Claudian,Blackhurst,695,cblackhurstja@wikipedia.org,Polygender,142.106.21.76,Orange
Anastassia,Dealy,696,adealyjb@godaddy.com,Polygender,110.43.145.131,Khaki
Bride,Tinsley,697,btinsleyjc@skyrock.com,Genderqueer,178.109.81.209,Orange
Fidela,Govey,698,fgoveyjd@house.gov,Non-binary,199.244.213.150,Goldenrod
Cloris,Malbon,699,cmalbonje@shinystat.com,Non-binary,221.185.115.12,Green
Cross,Bedinham,700,cbedinhamjf@mayoclinic.com,Female,87.19.74.103,Mauv
Ynes,Ettridge,701,yettridgejg@mtv.com,Agender,250.105.162.208,Yellow
Korey,Heathcoat,702,kheathcoatjh@weibo.com,Non-binary,1.0.232.151,Indigo
Garrett,Borland,703,gborlandji@oracle.com,Bigender,217.105.45.144,Goldenrod
Phyllis,Padillo,704,ppadillojj@about.me,Genderfluid,203.182.187.56,Khaki
Ban,Kingsford,705,bkingsfordjk@networksolutions.com,Genderfluid,31.99.83.126,Violet
Catharina,Radbone,706,cradbonejl@ucoz.ru,Male,242.55.0.186,Orange
Bianka,Smerdon,707,bsmerdonjm@multiply.com,Agender,217.187.5.81,Yellow
Currey,Stede,708,cstedejn@businessweek.com,Male,14.245.40.107,Crimson
Emelia,Grigorkin,709,egrigorkinjo@globo.com,Genderqueer,98.216.211.56,Yellow
Goldi,Thorndycraft,710,gthorndycraftjp@furl.net,Genderqueer,215.117.14.177,Teal
Berkley,Tretwell,711,btretwelljq@mashable.com,Non-binary,195.234.156.180,Khaki
Emmerich,Juden,712,ejudenjr@google.it,Genderqueer,147.243.234.196,Aquamarine
Colet,Ivy,713,civyjs@goo.gl,Genderqueer,132.190.238.250,Green
Tyler,Henrot,714,thenrotjt@oracle.com,Genderqueer,201.122.209.145,Violet
Patience,Cantrell,715,pcantrellju@businesswire.com,Female,173.234.169.220,Indigo
Benjamin,Sidworth,716,bsidworthjv@tinypic.com,Genderqueer,96.166.226.93,Green
Herold,Schimke,717,hschimkejw@noaa.gov,Agender,249.3.170.225,Pink
Amalie,Hazeldene,718,ahazeldenejx@nbcnews.com,Genderfluid,219.152.112.143,Purple
Betta,Itzhaiek,719,bitzhaiekjy@biglobe.ne.jp,Genderfluid,188.81.201.184,Indigo
Malena,Sallings,720,msallingsjz@last.fm,Male,213.93.37.178,Aquamarine
Reese,Corington,721,rcoringtonk0@squidoo.com,Agender,66.106.46.77,Khaki
Simmonds,Wragge,722,swraggek1@devhub.com,Polygender,18.130.231.239,Khaki
Leora,Catto,723,lcattok2@hhs.gov,Agender,58.237.192.127,Orange
Ethelyn,Dumbrill,724,edumbrillk3@bloglovin.com,Non-binary,192.150.98.54,Teal
Lu,Fozzard,725,lfozzardk4@statcounter.com,Male,205.85.87.108,Green
Yvonne,Riding,726,yridingk5@tamu.edu,Genderfluid,169.208.128.185,Yellow
Jessalin,Pfeifer,727,jpfeiferk6@mediafire.com,Genderfluid,207.131.127.163,Red
Sara,Pawels,728,spawelsk7@dailymail.co.uk,Non-binary,107.188.153.144,Orange
Zedekiah,Swancott,729,zswancottk8@wordpress.com,Non-binary,145.94.128.180,Indigo
Nadiya,Tattershaw,730,ntattershawk9@sun.com,Agender,68.241.226.34,Mauv
Kristofor,Semeniuk,731,ksemeniukka@cisco.com,Non-binary,73.215.130.214,Khaki
Michal,Goodin,732,mgoodinkb@people.com.cn,Male,73.157.103.173,Goldenrod
Carolann,Bree,733,cbreekc@ftc.gov,Bigender,253.155.99.222,Violet
Chevalier,Mount,734,cmountkd@sphinn.com,Polygender,249.172.236.221,Yellow
Dimitri,Curman,735,dcurmanke@wordpress.org,Genderfluid,34.68.122.168,Pink
Evangeline,Pile,736,epilekf@gov.uk,Genderfluid,115.120.184.91,Maroon
Georgiana,Mate,737,gmatekg@istockphoto.com,Polygender,214.59.20.253,Yellow
Catrina,Cogger,738,ccoggerkh@i2i.jp,Polygender,168.110.45.180,Puce
Pasquale,Kibbel,739,pkibbelki@scientificamerican.com,Bigender,177.104.226.12,Aquamarine
Morie,Farloe,740,mfarloekj@spiegel.de,Agender,173.4.122.197,Turquoise
Caspar,Poolton,741,cpooltonkk@wiley.com,Female,73.37.55.169,Yellow
Liane,Hedworth,742,lhedworthkl@gnu.org,Polygender,148.104.13.188,Pink
Luca,Heggison,743,lheggisonkm@forbes.com,Bigender,182.158.37.182,Yellow
Shawn,Ehlerding,744,sehlerdingkn@quantcast.com,Female,135.6.219.69,Turquoise
Marta,Jestico,745,mjesticoko@hatena.ne.jp,Agender,15.68.229.105,Green
Bobby,Steketee,746,bsteketeekp@purevolume.com,Agender,144.134.95.48,Teal
Reed,Blasetti,747,rblasettikq@bandcamp.com,Agender,107.145.209.191,Teal
Cindy,Bickersteth,748,cbickerstethkr@hostgator.com,Genderqueer,128.132.40.81,Turquoise
Daryn,Stollen,749,dstollenks@sphinn.com,Female,246.66.16.39,Red
Dinny,Roscam,750,droscamkt@tiny.cc,Female,123.156.127.151,Crimson
Reine,Rentenbeck,751,rrentenbeckku@about.com,Genderqueer,252.122.12.172,Red
Ricky,Babbs,752,rbabbskv@creativecommons.org,Polygender,164.44.70.238,Purple
Emera,Kas,753,ekaskw@indiatimes.com,Non-binary,234.152.246.228,Turquoise
Jeralee,Tydeman,754,jtydemankx@smugmug.com,Genderfluid,212.36.247.185,Khaki
Robenia,Anstis,755,ranstisky@sitemeter.com,Genderqueer,203.234.113.107,Purple
Alida,Alpin,756,aalpinkz@w3.org,Male,193.143.220.175,Green
Blakelee,Scranedge,757,bscranedgel0@live.com,Genderfluid,5.29.181.88,Green
Biddie,Leverson,758,bleversonl1@lycos.com,Female,238.147.70.152,Aquamarine
Shandra,Mogra,759,smogral2@uol.com.br,Agender,50.215.90.107,Pink
Anabella,Joynes,760,ajoynesl3@jalbum.net,Agender,114.131.242.135,Turquoise
Roseanne,Geertz,761,rgeertzl4@state.gov,Male,64.44.81.148,Blue
Griz,Basindale,762,gbasindalel5@plala.or.jp,Non-binary,207.0.20.106,Goldenrod
Phineas,Hacker,763,phackerl6@noaa.gov,Female,18.32.179.101,Khaki
Loella,Eastwell,764,leastwelll7@mit.edu,Bigender,112.236.234.188,Green
Luelle,Stannas,765,lstannasl8@google.ca,Agender,92.61.175.128,Fuscia
Husain,Ondrusek,766,hondrusekl9@stumbleupon.com,Genderqueer,116.77.132.119,Orange
Cash,Fanthom,767,cfanthomla@marriott.com,Female,84.193.50.231,Teal
Gottfried,Wing,768,gwinglb@senate.gov,Genderfluid,63.245.36.74,Violet
Reuben,Swaffield,769,rswaffieldlc@linkedin.com,Polygender,21.170.6.176,Pink
Aleece,Coad,770,acoadld@fotki.com,Agender,152.188.103.139,Blue
Shelia,Lowton,771,slowtonle@wikia.com,Genderfluid,238.235.4.124,Green
Efrem,Blade,772,ebladelf@google.fr,Genderqueer,209.225.191.168,Turquoise
Von,Bulford,773,vbulfordlg@topsy.com,Male,128.246.48.230,Violet
Bren,Kingaby,774,bkingabylh@gnu.org,Non-binary,236.183.157.219,Crimson
Findley,Shilston,775,fshilstonli@mayoclinic.com,Polygender,7.187.97.139,Orange
Marcus,Loiterton,776,mloitertonlj@marriott.com,Female,230.115.84.198,Teal
Ode,Galtone,777,ogaltonelk@noaa.gov,Bigender,17.165.189.241,Goldenrod
Marena,Coram,778,mcoramll@samsung.com,Agender,208.111.228.224,Orange
Nance,Pellissier,779,npellissierlm@examiner.com,Genderfluid,32.123.10.119,Orange
See,Auletta,780,saulettaln@columbia.edu,Genderqueer,88.36.250.149,Violet
York,Hughland,781,yhughlandlo@mapquest.com,Genderqueer,255.35.175.192,Yellow
Raphael,Estcourt,782,restcourtlp@cisco.com,Polygender,21.84.158.242,Aquamarine
Sheffie,Greguoli,783,sgreguolilq@accuweather.com,Non-binary,110.117.241.1,Violet
Laina,McGowing,784,lmcgowinglr@bbb.org,Agender,175.23.156.127,Green
Daisey,McGonigal,785,dmcgonigalls@who.int,Polygender,244.83.192.235,Orange
Carmita,Rojahn,786,crojahnlt@google.nl,Female,107.68.70.6,Red
Jan,Furmonger,787,jfurmongerlu@webeden.co.uk,Agender,192.175.9.166,Pink
Dehlia,Camocke,788,dcamockelv@taobao.com,Male,42.24.7.121,Orange
Robyn,Chancelier,789,rchancelierlw@admin.ch,Non-binary,34.194.146.27,Purple
Kirsti,Van Giffen,790,kvangiffenlx@yandex.ru,Male,230.58.154.182,Aquamarine
Hanna,Eunson,791,heunsonly@soup.io,Female,10.247.86.227,Puce
Frederique,Lefridge,792,flefridgelz@princeton.edu,Bigender,208.121.67.7,Orange
Lotti,Zanicchi,793,lzanicchim0@goodreads.com,Agender,27.48.222.66,Indigo
Becky,Cawte,794,bcawtem1@umich.edu,Male,58.90.10.116,Crimson
Datha,Dawnay,795,ddawnaym2@examiner.com,Female,175.106.202.225,Green
Una,Oda,796,uodam3@epa.gov,Female,57.222.93.76,Maroon
Glenn,Arend,797,garendm4@pbs.org,Non-binary,252.104.164.170,Khaki
Baldwin,Flanagan,798,bflanaganm5@independent.co.uk,Agender,114.58.156.169,Purple
Cosette,Fonzone,799,cfonzonem6@techcrunch.com,Genderfluid,145.117.240.121,Goldenrod
Sharla,Gummary,800,sgummarym7@t-online.de,Male,171.119.76.126,Yellow
Johna,Lyttle,801,jlyttlem8@un.org,Bigender,174.47.14.231,Indigo
Kate,Manwaring,802,kmanwaringm9@cbslocal.com,Non-binary,226.187.144.72,Red
Arin,Offner,803,aoffnerma@surveymonkey.com,Bigender,127.167.123.4,Fuscia
Odo,Konke,804,okonkemb@google.nl,Female,56.130.60.32,Pink
Edgard,Muck,805,emuckmc@google.com.br,Female,29.96.67.37,Goldenrod
Jo,Gailor,806,jgailormd@nymag.com,Genderfluid,53.255.60.90,Orange
Ade,Worts,807,awortsme@histats.com,Female,241.61.113.219,Fuscia
Alvis,Twitchett,808,atwitchettmf@samsung.com,Male,207.153.106.71,Khaki
Bobina,Woolger,809,bwoolgermg@usnews.com,Female,42.94.119.65,Teal
Elijah,Warre,810,ewarremh@webeden.co.uk,Genderqueer,160.159.173.247,Red
Ewell,Senn,811,esennmi@dell.com,Agender,187.71.141.27,Aquamarine
Hasty,Webb,812,hwebbmj@cargocollective.com,Female,1.42.82.30,Yellow
Arlinda,Grollmann,813,agrollmannmk@odnoklassniki.ru,Genderfluid,118.141.116.0,Indigo
Lauri,Montfort,814,lmontfortml@unesco.org,Agender,18.111.91.245,Mauv
Kyrstin,Ricciardelli,815,kricciardellimm@europa.eu,Non-binary,229.164.21.246,Goldenrod
Pandora,Armfield,816,parmfieldmn@seattletimes.com,Genderqueer,112.37.214.124,Purple
Trevar,Cheng,817,tchengmo@nifty.com,Genderfluid,239.69.172.37,Indigo
Gerick,Abby,818,gabbymp@chronoengine.com,Male,39.17.241.144,Mauv
Dion,McOmish,819,dmcomishmq@dion.ne.jp,Bigender,208.224.118.145,Khaki
Tracie,Manns,820,tmannsmr@geocities.com,Genderfluid,28.19.117.104,Turquoise
Mikkel,Collinette,821,mcollinettems@examiner.com,Male,180.13.176.136,Khaki
Devi,Kopisch,822,dkopischmt@dion.ne.jp,Female,42.189.112.164,Mauv
Noby,Ide,823,nidemu@wix.com,Genderfluid,66.233.135.231,Green
Foss,Langan,824,flanganmv@oakley.com,Female,180.147.216.134,Pink
Mortie,Bransgrove,825,mbransgrovemw@geocities.jp,Genderqueer,72.177.102.12,Turquoise
Gale,Everley,826,geverleymx@statcounter.com,Female,0.33.30.55,Teal
Alena,Aylesbury,827,aaylesburymy@ocn.ne.jp,Male,160.184.213.166,Yellow
Antonietta,Babin,828,ababinmz@wordpress.com,Polygender,66.85.219.242,Khaki
Carmella,Lemonnier,829,clemonniern0@cyberchimps.com,Genderfluid,59.95.48.69,Turquoise
Sissie,Pretious,830,spretiousn1@skype.com,Male,141.113.43.253,Maroon
Humfrey,Blayney,831,hblayneyn2@usatoday.com,Male,123.126.192.198,Purple
Brandon,Tolliday,832,btollidayn3@cbslocal.com,Agender,48.32.146.145,Turquoise
Jasper,O'Kane,833,jokanen4@mit.edu,Polygender,157.43.238.238,Teal
Harris,Ashbridge,834,hashbridgen5@cornell.edu,Bigender,104.237.3.94,Crimson
Olympie,Nealey,835,onealeyn6@surveymonkey.com,Bigender,209.16.119.21,Green
Shea,Buckeridge,836,sbuckeridgen7@theguardian.com,Genderqueer,101.202.158.19,Mauv
Claretta,Cella,837,ccellan8@cafepress.com,Bigender,128.99.134.68,Aquamarine
Amabelle,Stife,838,astifen9@squarespace.com,Female,207.55.173.53,Red
Falkner,Plascott,839,fplascottna@reddit.com,Non-binary,120.171.29.254,Khaki
Ricca,Stegers,840,rstegersnb@cisco.com,Female,213.219.239.82,Blue
Bernete,Ralton,841,braltonnc@cdbaby.com,Agender,147.200.47.138,Indigo
Jody,Shillaker,842,jshillakernd@chronoengine.com,Bigender,51.122.97.207,Orange
Lannie,Bourner,843,lbournerne@admin.ch,Agender,238.49.24.104,Orange
Evania,Kirkbride,844,ekirkbridenf@earthlink.net,Male,137.92.71.106,Green
Jeanne,Rathmell,845,jrathmellng@hud.gov,Male,22.58.183.157,Teal
Ronnie,Rappoport,846,rrappoportnh@nba.com,Genderqueer,96.234.21.112,Pink
Reagan,Galler,847,rgallerni@fotki.com,Agender,151.48.247.129,Puce
Carey,Garrood,848,cgarroodnj@wikia.com,Non-binary,129.156.85.75,Purple
Jermayne,Normanvell,849,jnormanvellnk@oaic.gov.au,Bigender,165.209.64.34,Pink
Lorie,Wishart,850,lwishartnl@xinhuanet.com,Bigender,252.83.132.71,Maroon
Lorita,Barhims,851,lbarhimsnm@ted.com,Genderqueer,4.206.209.189,Fuscia
Martina,Cordet,852,mcordetnn@mashable.com,Genderfluid,173.142.198.57,Violet
August,Honnan,853,ahonnanno@blogger.com,Agender,38.119.32.202,Green
Bram,Bugbee,854,bbugbeenp@google.nl,Genderfluid,214.35.73.236,Teal
Burch,Boniface,855,bbonifacenq@ehow.com,Polygender,195.244.135.6,Blue
Tabbatha,Gardiner,856,tgardinernr@github.com,Polygender,64.96.240.77,Violet
Merl,Dranfield,857,mdranfieldns@theatlantic.com,Genderfluid,101.101.96.98,Maroon
Ardeen,Laxon,858,alaxonnt@answers.com,Genderfluid,33.220.104.234,Khaki
Heall,Snazel,859,hsnazelnu@feedburner.com,Genderqueer,246.135.54.141,Turquoise
Ikey,Mildner,860,imildnernv@weibo.com,Non-binary,21.209.1.155,Turquoise
Erick,Blitz,861,eblitznw@europa.eu,Genderfluid,55.219.14.15,Violet
Jannelle,Abels,862,jabelsnx@furl.net,Genderqueer,255.229.22.226,Orange
Rita,Littlechild,863,rlittlechildny@gmpg.org,Female,152.241.87.88,Orange
Lek,Staddom,864,lstaddomnz@yale.edu,Agender,49.215.7.242,Purple
Marijn,Colum,865,mcolumo0@1und1.de,Polygender,234.100.27.52,Goldenrod
Jarred,Flook,866,jflooko1@weebly.com,Non-binary,246.34.102.183,Green
Amii,Gerring,867,agerringo2@4shared.com,Genderqueer,123.164.74.106,Green
Carter,Skeete,868,cskeeteo3@mayoclinic.com,Female,185.8.74.80,Aquamarine
Janifer,Motte,869,jmotteo4@sphinn.com,Genderqueer,89.227.135.48,Mauv
Consalve,Guidi,870,cguidio5@intel.com,Polygender,254.59.222.123,Goldenrod
Bird,Perulli,871,bperullio6@webmd.com,Bigender,201.255.138.61,Maroon
Ephraim,Wherton,872,ewhertono7@taobao.com,Male,234.238.28.190,Pink
Mac,Instock,873,minstocko8@bbb.org,Genderfluid,138.32.225.11,Goldenrod
Loni,Cardus,874,lcarduso9@homestead.com,Genderqueer,252.82.69.246,Aquamarine
Monty,Wayte,875,mwayteoa@dot.gov,Non-binary,163.99.213.222,Turquoise
Alexis,Gorelli,876,agorelliob@irs.gov,Genderqueer,144.247.93.226,Turquoise
Juline,Ffrench,877,jffrenchoc@aboutads.info,Genderfluid,179.156.67.172,Blue
Gussie,Aronovitz,878,garonovitzod@economist.com,Male,164.224.195.133,Khaki
Ermin,Aslett,879,easlettoe@archive.org,Bigender,222.212.21.222,Goldenrod
Othella,McGuane,880,omcguaneof@sun.com,Genderfluid,78.74.193.192,Purple
Aube,Scragg,881,ascraggog@sakura.ne.jp,Bigender,115.231.251.169,Orange
Marys,Alden,882,maldenoh@xinhuanet.com,Agender,247.30.113.196,Puce
Wynnie,Laverock,883,wlaverockoi@multiply.com,Non-binary,241.25.190.50,Mauv
Hynda,Antuk,884,hantukoj@last.fm,Bigender,166.238.244.172,Aquamarine
Tommie,Worwood,885,tworwoodok@java.com,Non-binary,127.216.246.101,Mauv
Stuart,Burch,886,sburchol@unblog.fr,Bigender,69.250.116.145,Crimson
Waylon,Fincher,887,wfincherom@gmpg.org,Polygender,67.108.50.142,Blue
Fania,Valadez,888,fvaladezon@japanpost.jp,Male,62.103.174.151,Yellow
Daffy,Goody,889,dgoodyoo@shop-pro.jp,Male,207.113.226.62,Fuscia
Demetrius,Osban,890,dosbanop@tinyurl.com,Female,131.172.183.230,Blue
Benji,Challen,891,bchallenoq@acquirethisname.com,Non-binary,1.187.192.241,Mauv
Vanya,Reinard,892,vreinardor@telegraph.co.uk,Female,74.97.230.55,Yellow
Sonny,Ovett,893,sovettos@jugem.jp,Agender,48.33.148.177,Purple
Lek,Yeskin,894,lyeskinot@bloomberg.com,Male,190.41.213.126,Teal
Jemimah,Treves,895,jtrevesou@google.fr,Female,160.197.85.174,Indigo
Delaney,Romke,896,dromkeov@biblegateway.com,Polygender,211.197.221.131,Maroon
Waite,Hanratty,897,whanrattyow@illinois.edu,Polygender,115.108.96.234,Indigo
Virginia,Jodrellec,898,vjodrellecox@posterous.com,Genderqueer,107.52.200.79,Violet
Elliot,Assiter,899,eassiteroy@ehow.com,Female,203.105.149.119,Mauv
Natalina,Brandassi,900,nbrandassioz@discuz.net,Non-binary,163.49.90.78,Maroon
Julio,Hollyland,901,jhollylandp0@hubpages.com,Polygender,238.25.187.203,Blue
Ricardo,Thebeau,902,rthebeaup1@msu.edu,Genderfluid,97.59.208.9,Orange
Donia,Gatward,903,dgatwardp2@pagesperso-orange.fr,Female,244.84.52.170,Mauv
Clair,Wagerfield,904,cwagerfieldp3@chronoengine.com,Female,244.21.196.233,Fuscia
Katuscha,Seccombe,905,kseccombep4@google.nl,Polygender,42.231.112.186,Blue
Gerda,Grestye,906,ggrestyep5@elpais.com,Male,69.41.222.41,Aquamarine
Trstram,Lackeye,907,tlackeyep6@cpanel.net,Polygender,168.32.227.140,Aquamarine
Marianne,Becken,908,mbeckenp7@pcworld.com,Genderfluid,85.170.47.87,Pink
Euphemia,Asplen,909,easplenp8@sphinn.com,Genderfluid,55.210.224.26,Puce
Kenn,Cromett,910,kcromettp9@cocolog-nifty.com,Polygender,160.126.175.172,Fuscia
Hollis,Jenckes,911,hjenckespa@trellian.com,Genderfluid,90.39.47.173,Violet
Raquel,Garlett,912,rgarlettpb@photobucket.com,Male,91.203.101.142,Green
Eolanda,Kiendl,913,ekiendlpc@dell.com,Bigender,227.130.149.51,Green
Charles,Peyzer,914,cpeyzerpd@ycombinator.com,Non-binary,212.5.84.171,Indigo
Antone,Wilhelmy,915,awilhelmype@typepad.com,Polygender,246.192.57.212,Teal
Sidonia,Chantillon,916,schantillonpf@noaa.gov,Genderqueer,119.47.248.228,Teal
Sorcha,Keveren,917,skeverenpg@biglobe.ne.jp,Polygender,183.216.101.122,Teal
Ainsley,Guilder,918,aguilderph@netscape.com,Female,83.176.195.208,Indigo
Natty,Warters,919,nwarterspi@shinystat.com,Male,177.223.229.99,Yellow
Benny,Falconer,920,bfalconerpj@spiegel.de,Bigender,168.234.187.4,Yellow
Margaux,Roffe,921,mroffepk@ow.ly,Non-binary,122.153.210.86,Purple
Brittaney,Chimienti,922,bchimientipl@berkeley.edu,Agender,227.146.102.25,Maroon
Nanny,Locock,923,nlocockpm@google.com.br,Bigender,185.147.177.141,Red
Loreen,Tebboth,924,ltebbothpn@360.cn,Male,180.101.153.207,Crimson
Burg,Malter,925,bmalterpo@sohu.com,Genderqueer,57.252.150.205,Mauv
Sibyl,Stebbings,926,sstebbingspp@dion.ne.jp,Non-binary,154.171.50.156,Red
Bird,Moulin,927,bmoulinpq@unblog.fr,Male,63.46.68.67,Purple
Samson,Tempest,928,stempestpr@miitbeian.gov.cn,Polygender,227.111.70.86,Violet
Alyssa,Henmarsh,929,ahenmarshps@twitpic.com,Male,63.178.208.31,Indigo
Mac,Batterbee,930,mbatterbeept@youtube.com,Agender,109.243.35.211,Red
Gamaliel,Grigorian,931,ggrigorianpu@g.co,Female,199.152.34.237,Aquamarine
Nicolai,Arnott,932,narnottpv@oakley.com,Genderfluid,199.24.98.11,Indigo
Dorelle,Josland,933,djoslandpw@de.vu,Genderqueer,84.128.85.34,Aquamarine
Tandie,Hynde,934,thyndepx@amazon.co.jp,Genderqueer,188.250.104.91,Crimson
Devi,Perrot,935,dperrotpy@xinhuanet.com,Polygender,11.55.126.44,Aquamarine
Christophe,Souley,936,csouleypz@histats.com,Agender,61.0.48.255,Crimson
Lonee,Gosby,937,lgosbyq0@csmonitor.com,Agender,34.20.140.230,Pink
Hayyim,Greenrde,938,hgreenrdeq1@army.mil,Non-binary,91.42.220.203,Maroon
Joni,Waggitt,939,jwaggittq2@ycombinator.com,Genderfluid,65.174.61.66,Violet
Sigismond,Gavrieli,940,sgavrieliq3@booking.com,Polygender,64.192.136.106,Aquamarine
Brittany,Connealy,941,bconnealyq4@ucla.edu,Female,64.132.162.18,Pink
Georgeta,O'Canavan,942,gocanavanq5@example.com,Agender,10.247.26.154,Crimson
Delphinia,Zanicchi,943,dzanicchiq6@thetimes.co.uk,Female,105.88.35.101,Turquoise
Chickie,McInnes,944,cmcinnesq7@omniture.com,Agender,221.195.75.179,Yellow
Carmina,Reeman,945,creemanq8@dedecms.com,Bigender,104.174.56.186,Yellow
Caro,Ship,946,cshipq9@wordpress.com,Male,155.128.161.92,Teal
Lemmie,Woolen,947,lwoolenqa@reddit.com,Agender,243.95.206.20,Maroon
Petra,Strephan,948,pstrephanqb@about.me,Genderqueer,46.42.148.104,Pink
Sapphira,Edmonds,949,sedmondsqc@tmall.com,Male,26.93.200.242,Blue
Cecilio,Twitching,950,ctwitchingqd@mozilla.com,Female,103.83.110.65,Green
Arthur,Poplee,951,apopleeqe@samsung.com,Agender,246.98.157.128,Fuscia
Jerrome,Spire,952,jspireqf@mac.com,Genderqueer,91.42.157.167,Red
Nevin,Karpenko,953,nkarpenkoqg@google.de,Non-binary,182.179.198.137,Purple
Max,Rossander,954,mrossanderqh@infoseek.co.jp,Polygender,61.229.250.4,Crimson
Traver,Brou,955,tbrouqi@tmall.com,Non-binary,90.141.26.142,Orange
Natala,Reily,956,nreilyqj@uiuc.edu,Non-binary,17.114.9.174,Green
Sol,Capron,957,scapronqk@weather.com,Non-binary,132.190.31.65,Indigo
Katharina,Trouncer,958,ktrouncerql@symantec.com,Genderqueer,106.137.157.123,Teal
Brandise,Fearnsides,959,bfearnsidesqm@comsenz.com,Bigender,67.3.39.202,Pink
Roldan,Dacre,960,rdacreqn@uol.com.br,Polygender,201.201.77.213,Turquoise
Carlene,Bengtsson,961,cbengtssonqo@mozilla.com,Female,233.254.39.84,Mauv
Bartlett,Crafter,962,bcrafterqp@123-reg.co.uk,Male,32.63.120.18,Khaki
Dorris,Enns,963,dennsqq@hhs.gov,Polygender,246.241.232.185,Red
Kleon,Werndley,964,kwerndleyqr@census.gov,Female,255.116.179.95,Violet
Kipper,Wyke,965,kwykeqs@wikispaces.com,Male,143.0.45.98,Maroon
Andee,Van der Kruys,966,avanderkruysqt@sbwire.com,Genderfluid,4.126.218.81,Maroon
Gabbi,Peaurt,967,gpeaurtqu@unblog.fr,Male,8.153.175.40,Goldenrod
Livvy,Miskin,968,lmiskinqv@skyrock.com,Polygender,59.21.187.69,Fuscia
Louella,Escoffrey,969,lescoffreyqw@furl.net,Genderqueer,51.136.148.229,Green
Bennie,Darrell,970,bdarrellqx@studiopress.com,Male,122.196.100.40,Blue
Marleah,Gammie,971,mgammieqy@lulu.com,Genderqueer,58.99.220.232,Orange
Kaspar,Feasley,972,kfeasleyqz@seattletimes.com,Genderqueer,217.35.228.189,Yellow
Dalia,Geffcock,973,dgeffcockr0@state.tx.us,Female,97.16.108.181,Green
Moishe,Cassidy,974,mcassidyr1@bloglines.com,Non-binary,195.157.153.5,Teal
Karen,Lemerie,975,klemerier2@theguardian.com,Male,179.121.65.131,Teal
Cristen,Baty,976,cbatyr3@cdc.gov,Female,130.149.20.200,Purple
Brunhilda,Taillard,977,btaillardr4@cbsnews.com,Female,225.241.107.198,Pink
Alisander,Saile,978,asailer5@reddit.com,Male,217.20.67.190,Pink
Patin,Parfrey,979,pparfreyr6@newyorker.com,Non-binary,145.134.39.148,Pink
Brooks,Nisby,980,bnisbyr7@whitehouse.gov,Female,164.75.23.104,Mauv
Christean,Caunt,981,ccauntr8@cyberchimps.com,Genderqueer,48.69.135.179,Violet
Vito,Regenhardt,982,vregenhardtr9@google.cn,Non-binary,248.227.90.139,Red
Xenos,Huckin,983,xhuckinra@ifeng.com,Agender,178.122.219.43,Yellow
Aurore,Seyfart,984,aseyfartrb@fda.gov,Genderqueer,27.167.104.160,Pink
Fawnia,Sheffield,985,fsheffieldrc@loc.gov,Non-binary,245.242.202.252,Green
Petra,Cornelius,986,pcorneliusrd@storify.com,Bigender,121.123.23.28,Blue
Gwendolyn,Waldocke,987,gwaldockere@huffingtonpost.com,Non-binary,131.186.251.238,Turquoise
Laurice,Pedri,988,lpedrirf@harvard.edu,Polygender,26.191.223.197,Teal
Allsun,Olcot,989,aolcotrg@taobao.com,Bigender,2.250.244.239,Fuscia
Reinhold,O'Riordan,990,roriordanrh@reference.com,Female,170.251.188.244,Violet
Zena,Jurzyk,991,zjurzykri@multiply.com,Polygender,35.124.122.225,Maroon
Even,Tricker,992,etrickerrj@home.pl,Genderqueer,86.98.135.174,Blue
Prue,MacArthur,993,pmacarthurrk@ibm.com,Bigender,23.102.98.252,Fuscia
Marty,Origin,994,moriginrl@360.cn,Female,116.4.11.207,Aquamarine
Alberta,Dyet,995,adyetrm@jigsy.com,Agender,224.195.252.150,Mauv
Roselia,Whitehurst,996,rwhitehurstrn@live.com,Genderqueer,148.20.89.130,Puce
Gae,Houselee,997,ghouseleero@seattletimes.com,Male,149.240.47.189,Green
Mario,Arnhold,998,marnholdrp@redcross.org,Bigender,42.39.253.97,Purple
Lurleen,McRae,999,lmcraerq@canalblog.com,Male,246.107.189.71,Red
Drusilla,Sullens,1000,dsullensrr@baidu.com,Non-binary,96.250.87.236,Violet
